id,task_type,robot_type,object,grasp_pose,trajectory,sensor_readings,execution_time_ms,success,failure_mode,collision_detected,workspace_constraints,environment,lighting,timestamp,data_source,is_synthetic
ROBO-000457,bin_picking,6dof_arm,"{'type': 'chip_package', 'material': 'wood', 'mass_kg': 1.027, 'dimensions_cm': {'length': 7.3, 'width': 19.9, 'height': 1.0}}","{'position': {'x': -0.4144, 'y': 0.0265, 'z': 0.1655}, 'orientation': {'roll_rad': 2.7535, 'pitch_rad': -1.1004, 'yaw_rad': -2.5349}}","[{'waypoint_id': 0, 'timestamp_ms': 0, 'joint_angles': [-1.9328, 1.8416, 0.6126, 1.9782, 0.2406, 1.2717], 'ee_position': {'x': -0.3262, 'y': -0.0343, 'z': 0.269}, 'gripper_width_mm': 13.3, 'gripper_force_n': 37.39}, {'waypoint_id': 1, 'timestamp_ms': 100, 'joint_angles': [3.0128, -0.0116, 2.154, 0.8298, -1.3295, 1.6208], 'ee_position': {'x': -0.3916, 'y': 0.0618, 'z': 0.3508}, 'gripper_width_mm': 29.2, 'gripper_force_n': 21.6}, {'waypoint_id': 2, 'timestamp_ms': 200, 'joint_angles': [-0.0297, -0.5502, 0.9198, -0.5746, 0.7707, -1.8767], 'ee_position': {'x': -0.5023, 'y': 0.0724, 'z': 0.2904}, 'gripper_width_mm': 83.8, 'gripper_force_n': 32.31}, {'waypoint_id': 3, 'timestamp_ms': 300, 'joint_angles': [-2.0585, -2.837, 0.4448, 2.3936, -3.1232, -2.7286], 'ee_position': {'x': -0.3286, 'y': -0.0059, 'z': 0.2467}, 'gripper_width_mm': 65.2, 'gripper_force_n': 9.15}, {'waypoint_id': 4, 'timestamp_ms': 400, 'joint_angles': [-1.5787, 1.511, 0.3357, 0.1898, -0.0308, -1.9311], 'ee_position': {'x': -0.398, 'y': 0.1101, 'z': 0.1668}, 'gripper_width_mm': 64.3, 'gripper_force_n': 1.38}, {'waypoint_id': 5, 'timestamp_ms': 500, 'joint_angles': [1.0097, -2.9737, -2.561, -1.4156, -2.9437, -1.8351], 'ee_position': {'x': -0.3464, 'y': 0.0936, 'z': 0.3063}, 'gripper_width_mm': 9.7, 'gripper_force_n': 3.38}, {'waypoint_id': 6, 'timestamp_ms': 600, 'joint_angles': [0.0041, -2.1548, -2.954, 0.3507, -2.5495, -2.5487], 'ee_position': {'x': -0.5009, 'y': 0.0907, 'z': 0.2226}, 'gripper_width_mm': 52.4, 'gripper_force_n': 1.25}, {'waypoint_id': 7, 'timestamp_ms': 700, 'joint_angles': [1.5655, -0.13, -2.1309, 2.2617, -1.3349, 2.3977], 'ee_position': {'x': -0.3703, 'y': -0.0362, 'z': 0.2628}, 'gripper_width_mm': 82.1, 'gripper_force_n': 10.87}]","{'camera_rgb': {'resolution': [640, 480], 'object_detected': True, 'bounding_box': [183, 247, 88, 116]}, 'depth_camera': {'mean_depth_m': 0.158, 'point_cloud_size': 16182}, 'force_torque': {'fx_n': 8.97, 'fy_n': 8.2, 'fz_n': -0.47, 'tx_nm': -0.74, 'ty_nm': -1.249, 'tz_nm': 0.678}, 'joint_torques': [-3.81, 2.46, -4.0, 2.76, 2.47, -4.27]}",2726,True,,False,"{'x_min_m': -0.8, 'x_max_m': 0.8, 'y_min_m': -0.6, 'y_max_m': 0.6, 'z_min_m': 0.0, 'z_max_m': 1.2}",outdoor,uv,2026-08-08T00:01:52.632343+00:00,synthetic_robotics_simulation,True
ROBO-000103,pick_and_place,scara,"{'type': 'screw', 'material': 'ceramic', 'mass_kg': 2.209, 'dimensions_cm': {'length': 20.0, 'width': 4.7, 'height': 13.1}}","{'position': {'x': 0.2461, 'y': 0.2746, 'z': 0.091}, 'orientation': {'roll_rad': -1.1244, 'pitch_rad': -0.3004, 'yaw_rad': 2.7357}}","[{'waypoint_id': 0, 'timestamp_ms': 0, 'joint_angles': [-2.745, 0.5674, 2.0978, 1.4883, 0.2973, 0.2856], 'ee_position': {'x': 0.3186, 'y': 0.1752, 'z': 0.2652}, 'gripper_width_mm': 45.9, 'gripper_force_n': 45.3}, {'waypoint_id': 1, 'timestamp_ms': 100, 'joint_angles': [-1.2673, 0.3974, -2.1628, 0.8667, 0.2906, -0.7778], 'ee_position': {'x': 0.2633, 'y': 0.187, 'z': 0.1641}, 'gripper_width_mm': 43.1, 'gripper_force_n': 24.32}, {'waypoint_id': 2, 'timestamp_ms': 200, 'joint_angles': [-0.2874, 3.0361, -0.5936, 1.5732, -0.8898, -1.3793], 'ee_position': {'x': 0.1825, 'y': 0.2989, 'z': 0.242}, 'gripper_width_mm': 37.4, 'gripper_force_n': 34.79}, {'waypoint_id': 3, 'timestamp_ms': 300, 'joint_angles': [1.1555, 2.1769, 0.2322, -2.8049, -2.9521, -2.5864], 'ee_position': {'x': 0.3085, 'y': 0.2813, 'z': 0.2637}, 'gripper_width_mm': 7.4, 'gripper_force_n': 26.6}, {'waypoint_id': 4, 'timestamp_ms': 400, 'joint_angles': [0.2058, -2.698, -0.8802, 2.349, -0.6084, -0.3222], 'ee_position': {'x': 0.1823, 'y': 0.2551, 'z': 0.1651}, 'gripper_width_mm': 69.6, 'gripper_force_n': 16.51}, {'waypoint_id': 5, 'timestamp_ms': 500, 'joint_angles': [1.465, -2.0847, 0.04, -0.2702, -3.0598, 0.9711], 'ee_position': {'x': 0.1769, 'y': 0.2858, 'z': 0.2701}, 'gripper_width_mm': 19.9, 'gripper_force_n': 21.86}, {'waypoint_id': 6, 'timestamp_ms': 600, 'joint_angles': [0.3236, -0.0224, 1.86, 0.0768, -0.7634, -2.2734], 'ee_position': {'x': 0.2442, 'y': 0.3241, 'z': 0.1521}, 'gripper_width_mm': 6.2, 'gripper_force_n': 9.43}, {'waypoint_id': 7, 'timestamp_ms': 700, 'joint_angles': [2.0238, 3.1161, -0.4108, -0.2311, 2.4304, 0.9847], 'ee_position': {'x': 0.1901, 'y': 0.3124, 'z': 0.2525}, 'gripper_width_mm': 69.7, 'gripper_force_n': 6.7}]","{'camera_rgb': {'resolution': [640, 480], 'object_detected': True, 'bounding_box': [326, 156, 174, 138]}, 'depth_camera': {'mean_depth_m': 0.135, 'point_cloud_size': 40833}, 'force_torque': {'fx_n': 6.45, 'fy_n': 9.62, 'fz_n': -0.67, 'tx_nm': 0.253, 'ty_nm': -0.361, 'tz_nm': 0.818}, 'joint_torques': [0.26, 2.55, 1.08, -1.82, -3.2, -3.99]}",7273,True,,False,"{'x_min_m': -0.8, 'x_max_m': 0.8, 'y_min_m': -0.6, 'y_max_m': 0.6, 'z_min_m': 0.0, 'z_max_m': 1.2}",lab,ir,2026-08-08T00:01:52.525818+00:00,synthetic_robotics_simulation,True
ROBO-001127,quality_check,magnetic_gripper,"{'type': 'cylinder', 'material': 'rubber', 'mass_kg': 2.827, 'dimensions_cm': {'length': 25.1, 'width': 7.3, 'height': 14.0}}","{'position': {'x': 0.2329, 'y': -0.4331, 'z': 0.653}, 'orientation': {'roll_rad': 2.2529, 'pitch_rad': 1.4063, 'yaw_rad': -1.5827}}","[{'waypoint_id': 0, 'timestamp_ms': 0, 'joint_angles': [0.2814, -2.302, 2.9964, 2.4345, -1.4233, -1.6267], 'ee_position': {'x': 0.1881, 'y': -0.5086, 'z': 0.7998}, 'gripper_width_mm': 4.3, 'gripper_force_n': 14.01}, {'waypoint_id': 1, 'timestamp_ms': 100, 'joint_angles': [1.0244, 1.2384, 1.262, -2.7337, -0.6823, 0.2222], 'ee_position': {'x': 0.2817, 'y': -0.4, 'z': 0.763}, 'gripper_width_mm': 1.5, 'gripper_force_n': 2.91}, {'waypoint_id': 2, 'timestamp_ms': 200, 'joint_angles': [1.6233, -0.914, 1.7731, 1.7418, -2.3154, 1.5138], 'ee_position': {'x': 0.326, 'y': -0.3784, 'z': 0.7336}, 'gripper_width_mm': 42.7, 'gripper_force_n': 17.06}, {'waypoint_id': 3, 'timestamp_ms': 300, 'joint_angles': [2.6617, -1.5901, 0.0617, 2.6766, -2.8594, 1.8083], 'ee_position': {'x': 0.1699, 'y': -0.4431, 'z': 0.8247}, 'gripper_width_mm': 75.4, 'gripper_force_n': 9.78}, {'waypoint_id': 4, 'timestamp_ms': 400, 'joint_angles': [2.3182, 0.6965, -1.3436, -0.2759, -1.7754, -2.8545], 'ee_position': {'x': 0.3168, 'y': -0.4919, 'z': 0.8396}, 'gripper_width_mm': 55.3, 'gripper_force_n': 13.99}, {'waypoint_id': 5, 'timestamp_ms': 500, 'joint_angles': [2.5624, 0.9762, 0.4622, -0.3056, 2.4107, 1.8585], 'ee_position': {'x': 0.3305, 'y': -0.397, 'z': 0.8393}, 'gripper_width_mm': 85.0, 'gripper_force_n': 2.43}, {'waypoint_id': 6, 'timestamp_ms': 600, 'joint_angles': [-1.9428, 1.0685, -1.6016, 2.3021, 1.5616, 0.372], 'ee_position': {'x': 0.1928, 'y': -0.4879, 'z': 0.7901}, 'gripper_width_mm': 11.5, 'gripper_force_n': 31.15}, {'waypoint_id': 7, 'timestamp_ms': 700, 'joint_angles': [2.488, 2.4181, 0.7856, 0.2606, 2.597, -1.5919], 'ee_position': {'x': 0.2873, 'y': -0.3333, 'z': 0.8508}, 'gripper_width_mm': 52.6, 'gripper_force_n': 23.47}, {'waypoint_id': 8, 'timestamp_ms': 800, 'joint_angles': [-2.7275, -1.0453, 0.0646, 1.302, 1.4942, -0.5878], 'ee_position': {'x': 0.1746, 'y': -0.4686, 'z': 0.7955}, 'gripper_width_mm': 80.0, 'gripper_force_n': 29.46}]","{'camera_rgb': {'resolution': [640, 480], 'object_detected': True, 'bounding_box': [254, 242, 192, 115]}, 'depth_camera': {'mean_depth_m': 0.609, 'point_cloud_size': 13708}, 'force_torque': {'fx_n': -1.33, 'fy_n': -6.66, 'fz_n': 5.3, 'tx_nm': -0.33, 'ty_nm': 0.36, 'tz_nm': -0.489}, 'joint_torques': [4.7, 3.14, 3.38, 2.82, -1.11, -4.65]}",1620,False,collision,False,"{'x_min_m': -0.8, 'x_max_m': 0.8, 'y_min_m': -0.6, 'y_max_m': 0.6, 'z_min_m': 0.0, 'z_max_m': 1.2}",kitchen,ir,2026-08-08T00:01:52.702409+00:00,synthetic_robotics_simulation,True
ROBO-001004,pick_and_place,delta,"{'type': 'screw', 'material': 'aluminum', 'mass_kg': 0.554, 'dimensions_cm': {'length': 3.5, 'width': 3.5, 'height': 1.5}}","{'position': {'x': -0.0041, 'y': 0.3985, 'z': 0.0975}, 'orientation': {'roll_rad': -1.0889, 'pitch_rad': -0.5881, 'yaw_rad': 1.1106}}","[{'waypoint_id': 0, 'timestamp_ms': 0, 'joint_angles': [2.6744, 0.8881, -3.0264, -1.6185, 2.9268, -0.705], 'ee_position': {'x': -0.0722, 'y': 0.4042, 'z': 0.125}, 'gripper_width_mm': 43.5, 'gripper_force_n': 48.13}, {'waypoint_id': 1, 'timestamp_ms': 100, 'joint_angles': [2.2998, -0.8042, 2.7601, -1.2886, 2.0119, 0.7779], 'ee_position': {'x': 0.0362, 'y': 0.4852, 'z': 0.2968}, 'gripper_width_mm': 22.8, 'gripper_force_n': 32.78}, {'waypoint_id': 2, 'timestamp_ms': 200, 'joint_angles': [0.8662, 2.8909, 2.3282, -0.2737, -2.4943, 0.5445], 'ee_position': {'x': -0.033, 'y': 0.3342, 'z': 0.2073}, 'gripper_width_mm': 39.5, 'gripper_force_n': 40.28}]","{'camera_rgb': {'resolution': [640, 480], 'object_detected': True, 'bounding_box': [162, 112, 174, 110]}, 'depth_camera': {'mean_depth_m': 0.147, 'point_cloud_size': 37443}, 'force_torque': {'fx_n': 7.19, 'fy_n': -5.54, 'fz_n': 11.9, 'tx_nm': -0.724, 'ty_nm': -1.443, 'tz_nm': -0.968}, 'joint_torques': [1.18, 3.6, -2.89, -4.43, 0.65, 0.65]}",7880,True,,False,"{'x_min_m': -0.8, 'x_max_m': 0.8, 'y_min_m': -0.6, 'y_max_m': 0.6, 'z_min_m': 0.0, 'z_max_m': 1.2}",warehouse,variable,2026-08-08T00:01:52.688412+00:00,synthetic_robotics_simulation,True
ROBO-000915,assembly,magnetic_gripper,"{'type': 'chip_package', 'material': 'glass', 'mass_kg': 1.979, 'dimensions_cm': {'length': 28.6, 'width': 2.7, 'height': 7.2}}","{'position': {'x': -0.4425, 'y': -0.4719, 'z': 0.6517}, 'orientation': {'roll_rad': 1.9241, 'pitch_rad': 1.3629, 'yaw_rad': 1.8222}}","[{'waypoint_id': 0, 'timestamp_ms': 0, 'joint_angles': [2.1788, -1.6599, 2.2964, -2.7497, -0.5257, -2.038], 'ee_position': {'x': -0.3932, 'y': -0.4406, 'z': 0.7102}, 'gripper_width_mm': 70.5, 'gripper_force_n': 12.5}, {'waypoint_id': 1, 'timestamp_ms': 100, 'joint_angles': [-0.8352, -2.122, -1.2322, -0.6543, -1.1235, 1.3137], 'ee_position': {'x': -0.4788, 'y': -0.4611, 'z': 0.685}, 'gripper_width_mm': 54.6, 'gripper_force_n': 9.6}, {'waypoint_id': 2, 'timestamp_ms': 200, 'joint_angles': [0.8593, -0.3021, -2.2088, -1.5161, 2.2805, 1.0503], 'ee_position': {'x': -0.4447, 'y': -0.5478, 'z': 0.7519}, 'gripper_width_mm': 53.7, 'gripper_force_n': 34.49}, {'waypoint_id': 3, 'timestamp_ms': 300, 'joint_angles': [-1.0219, -3.0058, 0.1285, 3.0661, -1.1343, -1.345], 'ee_position': {'x': -0.3595, 'y': -0.4363, 'z': 0.7802}, 'gripper_width_mm': 34.4, 'gripper_force_n': 2.78}]","{'camera_rgb': {'resolution': [640, 480], 'object_detected': True, 'bounding_box': [105, 204, 195, 143]}, 'depth_camera': {'mean_depth_m': 0.698, 'point_cloud_size': 41606}, 'force_torque': {'fx_n': -3.86, 'fy_n': -9.31, 'fz_n': -4.64, 'tx_nm': -0.513, 'ty_nm': 1.13, 'tz_nm': -0.37}, 'joint_torques': [-3.33, -1.15, 1.07, -1.26, -4.85, -4.43]}",6544,True,,True,"{'x_min_m': -0.8, 'x_max_m': 0.8, 'y_min_m': -0.6, 'y_max_m': 0.6, 'z_min_m': 0.0, 'z_max_m': 1.2}",factory,bright,2026-08-08T00:01:52.678413+00:00,synthetic_robotics_simulation,True
ROBO-000572,surface_cleaning,delta,"{'type': 'cylinder', 'material': 'silicone', 'mass_kg': 2.319, 'dimensions_cm': {'length': 5.5, 'width': 10.7, 'height': 6.6}}","{'position': {'x': 0.4051, 'y': 0.3598, 'z': 0.1864}, 'orientation': {'roll_rad': 1.4451, 'pitch_rad': 0.007, 'yaw_rad': -2.8105}}","[{'waypoint_id': 0, 'timestamp_ms': 0, 'joint_angles': [-0.079, 1.7647, -3.1244, 0.6791, -2.4465, 2.0302], 'ee_position': {'x': 0.3252, 'y': 0.2793, 'z': 0.3172}, 'gripper_width_mm': 51.5, 'gripper_force_n': 35.65}, {'waypoint_id': 1, 'timestamp_ms': 100, 'joint_angles': [-1.8496, -0.2495, -3.0948, -0.2998, 0.632, 3.1265], 'ee_position': {'x': 0.4394, 'y': 0.2949, 'z': 0.1888}, 'gripper_width_mm': 40.5, 'gripper_force_n': 4.87}, {'waypoint_id': 2, 'timestamp_ms': 200, 'joint_angles': [-1.09, 1.8544, 2.3703, 0.7466, -2.4126, -2.5134], 'ee_position': {'x': 0.4193, 'y': 0.3356, 'z': 0.2346}, 'gripper_width_mm': 83.8, 'gripper_force_n': 43.85}, {'waypoint_id': 3, 'timestamp_ms': 300, 'joint_angles': [2.0497, 0.1597, 0.1442, -2.9737, 1.093, 1.2855], 'ee_position': {'x': 0.4167, 'y': 0.2782, 'z': 0.2393}, 'gripper_width_mm': 53.3, 'gripper_force_n': 30.07}]","{'camera_rgb': {'resolution': [640, 480], 'object_detected': True, 'bounding_box': [119, 254, 145, 140]}, 'depth_camera': {'mean_depth_m': 0.162, 'point_cloud_size': 16686}, 'force_torque': {'fx_n': 2.27, 'fy_n': 4.78, 'fz_n': 8.14, 'tx_nm': -1.358, 'ty_nm': 1.261, 'tz_nm': -0.525}, 'joint_torques': [-0.06, 3.44, 3.62, -3.75, 1.51, 2.25]}",4494,True,,False,"{'x_min_m': -0.8, 'x_max_m': 0.8, 'y_min_m': -0.6, 'y_max_m': 0.6, 'z_min_m': 0.0, 'z_max_m': 1.2}",warehouse,uv,2026-08-08T00:01:52.643343+00:00,synthetic_robotics_simulation,True
ROBO-000420,bin_picking,parallel_gripper,"{'type': 'sphere', 'material': 'carbon_fiber', 'mass_kg': 4.867, 'dimensions_cm': {'length': 14.2, 'width': 10.4, 'height': 10.8}}","{'position': {'x': 0.48, 'y': 0.1198, 'z': 0.066}, 'orientation': {'roll_rad': 0.3457, 'pitch_rad': -1.3117, 'yaw_rad': 1.4171}}","[{'waypoint_id': 0, 'timestamp_ms': 0, 'joint_angles': [-1.1985, -0.3912, 0.2568, 1.4369, 3.0221, 1.6002], 'ee_position': {'x': 0.4123, 'y': 0.0836, 'z': 0.1983}, 'gripper_width_mm': 58.1, 'gripper_force_n': 45.48}, {'waypoint_id': 1, 'timestamp_ms': 100, 'joint_angles': [2.2514, 1.3951, -2.8225, 1.4333, -1.2619, 0.2476], 'ee_position': {'x': 0.3827, 'y': 0.1807, 'z': 0.2393}, 'gripper_width_mm': 63.8, 'gripper_force_n': 38.83}, {'waypoint_id': 2, 'timestamp_ms': 200, 'joint_angles': [0.096, 0.5834, 2.381, -2.2527, -2.6797, 0.2183], 'ee_position': {'x': 0.395, 'y': 0.1837, 'z': 0.086}, 'gripper_width_mm': 53.2, 'gripper_force_n': 20.42}, {'waypoint_id': 3, 'timestamp_ms': 300, 'joint_angles': [-1.3215, 2.2829, 1.0569, -2.5222, -0.7763, 0.1782], 'ee_position': {'x': 0.567, 'y': 0.0251, 'z': 0.2577}, 'gripper_width_mm': 26.8, 'gripper_force_n': 35.37}, {'waypoint_id': 4, 'timestamp_ms': 400, 'joint_angles': [1.5236, 0.43, -2.8378, -1.9592, -0.023, 2.5379], 'ee_position': {'x': 0.4758, 'y': 0.1494, 'z': 0.1722}, 'gripper_width_mm': 24.7, 'gripper_force_n': 44.36}, {'waypoint_id': 5, 'timestamp_ms': 500, 'joint_angles': [1.9462, -1.7386, 0.7735, -1.1214, -2.4193, -2.3773], 'ee_position': {'x': 0.5357, 'y': 0.0314, 'z': 0.2083}, 'gripper_width_mm': 52.4, 'gripper_force_n': 27.58}, {'waypoint_id': 6, 'timestamp_ms': 600, 'joint_angles': [-1.0441, 1.4108, 2.5119, 3.1281, 1.7619, 1.361], 'ee_position': {'x': 0.4014, 'y': 0.1576, 'z': 0.2405}, 'gripper_width_mm': 64.5, 'gripper_force_n': 5.96}, {'waypoint_id': 7, 'timestamp_ms': 700, 'joint_angles': [-1.1403, -1.297, -1.6099, 1.5241, -0.7164, -0.406], 'ee_position': {'x': 0.391, 'y': 0.1698, 'z': 0.1024}, 'gripper_width_mm': 51.8, 'gripper_force_n': 43.59}]","{'camera_rgb': {'resolution': [640, 480], 'object_detected': True, 'bounding_box': [317, 137, 61, 92]}, 'depth_camera': {'mean_depth_m': 0.06, 'point_cloud_size': 42947}, 'force_torque': {'fx_n': 4.79, 'fy_n': -3.15, 'fz_n': 9.73, 'tx_nm': 0.692, 'ty_nm': -1.215, 'tz_nm': 0.784}, 'joint_torques': [1.89, 4.97, -2.98, -4.3, 4.38, 2.26]}",7087,True,,False,"{'x_min_m': -0.8, 'x_max_m': 0.8, 'y_min_m': -0.6, 'y_max_m': 0.6, 'z_min_m': 0.0, 'z_max_m': 1.2}",warehouse,ir,2026-08-08T00:01:52.616343+00:00,synthetic_robotics_simulation,True
ROBO-002234,sorting,cobot,"{'type': 'bearing', 'material': 'silicone', 'mass_kg': 3.959, 'dimensions_cm': {'length': 10.2, 'width': 4.3, 'height': 11.5}}","{'position': {'x': -0.2125, 'y': -0.4112, 'z': 0.2175}, 'orientation': {'roll_rad': 1.4165, 'pitch_rad': -1.172, 'yaw_rad': 2.7105}}","[{'waypoint_id': 0, 'timestamp_ms': 0, 'joint_angles': [-0.906, -2.1365, -0.2017, 3.0781, -0.5259, 0.5664], 'ee_position': {'x': -0.2104, 'y': -0.3134, 'z': 0.2525}, 'gripper_width_mm': 23.9, 'gripper_force_n': 28.95}, {'waypoint_id': 1, 'timestamp_ms': 100, 'joint_angles': [1.1601, 1.7229, 0.0738, -2.3344, -2.2366, 0.8926], 'ee_position': {'x': -0.1422, 'y': -0.4931, 'z': 0.2528}, 'gripper_width_mm': 3.0, 'gripper_force_n': 17.91}, {'waypoint_id': 2, 'timestamp_ms': 200, 'joint_angles': [-0.5255, 0.5809, 0.4747, 1.82, 0.4914, -0.9009], 'ee_position': {'x': -0.2421, 'y': -0.3137, 'z': 0.2495}, 'gripper_width_mm': 60.8, 'gripper_force_n': 27.49}]","{'camera_rgb': {'resolution': [640, 480], 'object_detected': True, 'bounding_box': [117, 231, 60, 99]}, 'depth_camera': {'mean_depth_m': 0.221, 'point_cloud_size': 27631}, 'force_torque': {'fx_n': 1.38, 'fy_n': 2.77, 'fz_n': 8.37, 'tx_nm': 0.435, 'ty_nm': 0.105, 'tz_nm': -0.417}, 'joint_torques': [-4.98, 4.23, -1.9, 1.52, 1.8, -2.29]}",3479,True,,False,"{'x_min_m': -0.8, 'x_max_m': 0.8, 'y_min_m': -0.6, 'y_max_m': 0.6, 'z_min_m': 0.0, 'z_max_m': 1.2}",warehouse,ir,2026-08-08T00:01:52.936018+00:00,synthetic_robotics_simulation,True
ROBO-000357,bin_picking,delta,"{'type': 'bottle', 'material': 'aluminum', 'mass_kg': 1.778, 'dimensions_cm': {'length': 6.2, 'width': 4.9, 'height': 11.2}}","{'position': {'x': 0.0769, 'y': -0.3457, 'z': 0.015}, 'orientation': {'roll_rad': 0.835, 'pitch_rad': -0.313, 'yaw_rad': 1.8662}}","[{'waypoint_id': 0, 'timestamp_ms': 0, 'joint_angles': [1.0858, -2.9431, 2.9751, 2.3368, -1.2068, -1.5352], 'ee_position': {'x': 0.0443, 'y': -0.3129, 'z': 0.1623}, 'gripper_width_mm': 81.5, 'gripper_force_n': 48.47}, {'waypoint_id': 1, 'timestamp_ms': 100, 'joint_angles': [-3.0392, -1.0533, -1.4682, -0.6725, 2.4441, 0.3563], 'ee_position': {'x': 0.0787, 'y': -0.3549, 'z': 0.0245}, 'gripper_width_mm': 7.3, 'gripper_force_n': 44.13}, {'waypoint_id': 2, 'timestamp_ms': 200, 'joint_angles': [0.608, 2.2673, -1.9597, 1.9904, -0.0537, 1.7396], 'ee_position': {'x': 0.1686, 'y': -0.3073, 'z': 0.076}, 'gripper_width_mm': 33.6, 'gripper_force_n': 11.32}, {'waypoint_id': 3, 'timestamp_ms': 300, 'joint_angles': [1.2581, 2.0675, -2.4849, 2.4913, -1.321, 3.0278], 'ee_position': {'x': 0.1299, 'y': -0.3606, 'z': 0.026}, 'gripper_width_mm': 50.8, 'gripper_force_n': 45.66}, {'waypoint_id': 4, 'timestamp_ms': 400, 'joint_angles': [-0.5769, -0.8999, -0.1544, 0.6491, 0.6473, -0.4554], 'ee_position': {'x': 0.0068, 'y': -0.2822, 'z': 0.143}, 'gripper_width_mm': 66.5, 'gripper_force_n': 18.19}, {'waypoint_id': 5, 'timestamp_ms': 500, 'joint_angles': [1.5484, 0.3167, -1.6923, 2.1273, -0.6971, -1.2811], 'ee_position': {'x': 0.1382, 'y': -0.3902, 'z': 0.1857}, 'gripper_width_mm': 22.2, 'gripper_force_n': 22.15}, {'waypoint_id': 6, 'timestamp_ms': 600, 'joint_angles': [1.0619, 2.5293, 1.6161, -1.3827, -2.1436, -2.0011], 'ee_position': {'x': 0.1406, 'y': -0.4178, 'z': 0.0553}, 'gripper_width_mm': 20.5, 'gripper_force_n': 12.56}, {'waypoint_id': 7, 'timestamp_ms': 700, 'joint_angles': [1.5116, -1.9858, 1.772, -0.3963, -0.2433, -0.2657], 'ee_position': {'x': 0.1096, 'y': -0.4336, 'z': 0.0519}, 'gripper_width_mm': 39.6, 'gripper_force_n': 22.37}, {'waypoint_id': 8, 'timestamp_ms': 800, 'joint_angles': [2.9793, -0.4802, -2.8035, 1.1433, -1.1658, 1.7611], 'ee_position': {'x': 0.0522, 'y': -0.4159, 'z': 0.0977}, 'gripper_width_mm': 41.2, 'gripper_force_n': 20.68}, {'waypoint_id': 9, 'timestamp_ms': 900, 'joint_angles': [2.3974, -2.2377, -0.1806, 0.1887, -2.7428, -2.5415], 'ee_position': {'x': 0.1693, 'y': -0.3826, 'z': 0.0862}, 'gripper_width_mm': 38.3, 'gripper_force_n': 14.91}]","{'camera_rgb': {'resolution': [640, 480], 'object_detected': True, 'bounding_box': [235, 168, 193, 120]}, 'depth_camera': {'mean_depth_m': -0.024, 'point_cloud_size': 16353}, 'force_torque': {'fx_n': 4.5, 'fy_n': -9.73, 'fz_n': 4.27, 'tx_nm': -0.675, 'ty_nm': -0.319, 'tz_nm': 0.887}, 'joint_torques': [-4.43, -4.02, -3.5, 2.72, 1.83, 1.61]}",5897,True,,False,"{'x_min_m': -0.8, 'x_max_m': 0.8, 'y_min_m': -0.6, 'y_max_m': 0.6, 'z_min_m': 0.0, 'z_max_m': 1.2}",kitchen,ir,2026-08-08T00:01:52.582344+00:00,synthetic_robotics_simulation,True
ROBO-002419,packaging,parallel_gripper,"{'type': 'cube', 'material': 'rubber', 'mass_kg': 3.638, 'dimensions_cm': {'length': 26.9, 'width': 7.4, 'height': 12.6}}","{'position': {'x': -0.3162, 'y': 0.0673, 'z': 0.6053}, 'orientation': {'roll_rad': -2.8046, 'pitch_rad': -0.096, 'yaw_rad': -1.7441}}","[{'waypoint_id': 0, 'timestamp_ms': 0, 'joint_angles': [1.5019, 3.0685, 2.943, -2.7487, -0.9221, 0.0936], 'ee_position': {'x': -0.3236, 'y': -0.0177, 'z': 0.6177}, 'gripper_width_mm': 57.4, 'gripper_force_n': 46.61}, {'waypoint_id': 1, 'timestamp_ms': 100, 'joint_angles': [1.5756, 2.8559, 1.1247, 2.297, -1.4329, -2.9125], 'ee_position': {'x': -0.3588, 'y': 0.0086, 'z': 0.6887}, 'gripper_width_mm': 11.5, 'gripper_force_n': 13.26}, {'waypoint_id': 2, 'timestamp_ms': 200, 'joint_angles': [0.166, -1.0747, -0.8391, -3.0214, -2.8736, -1.1857], 'ee_position': {'x': -0.2185, 'y': 0.0681, 'z': 0.7261}, 'gripper_width_mm': 53.5, 'gripper_force_n': 6.55}, {'waypoint_id': 3, 'timestamp_ms': 300, 'joint_angles': [2.0537, -2.1033, -1.9569, 0.7688, -2.1981, -0.024], 'ee_position': {'x': -0.2718, 'y': 0.0614, 'z': 0.6619}, 'gripper_width_mm': 8.3, 'gripper_force_n': 36.17}, {'waypoint_id': 4, 'timestamp_ms': 400, 'joint_angles': [1.3422, 2.9506, 2.8464, -2.7418, -2.0837, 1.0222], 'ee_position': {'x': -0.2884, 'y': 0.1447, 'z': 0.7245}, 'gripper_width_mm': 59.7, 'gripper_force_n': 6.91}, {'waypoint_id': 5, 'timestamp_ms': 500, 'joint_angles': [0.5506, -0.5679, -0.8547, 1.4433, -2.1953, 0.8058], 'ee_position': {'x': -0.3213, 'y': 0.0444, 'z': 0.6961}, 'gripper_width_mm': 80.3, 'gripper_force_n': 35.95}, {'waypoint_id': 6, 'timestamp_ms': 600, 'joint_angles': [-1.6942, 0.2047, -0.8852, 2.2333, -0.9993, -1.8684], 'ee_position': {'x': -0.2718, 'y': 0.015, 'z': 0.6359}, 'gripper_width_mm': 45.5, 'gripper_force_n': 36.71}, {'waypoint_id': 7, 'timestamp_ms': 700, 'joint_angles': [0.2209, 2.5645, -1.1196, 0.1481, 0.7722, 1.5827], 'ee_position': {'x': -0.4, 'y': 0.0142, 'z': 0.6494}, 'gripper_width_mm': 58.1, 'gripper_force_n': 16.59}, {'waypoint_id': 8, 'timestamp_ms': 800, 'joint_angles': [-0.8053, 0.8133, -1.1461, 2.7829, -2.0485, 0.7801], 'ee_position': {'x': -0.3628, 'y': 0.0425, 'z': 0.71}, 'gripper_width_mm': 35.4, 'gripper_force_n': 9.19}]","{'camera_rgb': {'resolution': [640, 480], 'object_detected': True, 'bounding_box': [195, 250, 134, 89]}, 'depth_camera': {'mean_depth_m': 0.585, 'point_cloud_size': 23983}, 'force_torque': {'fx_n': -9.98, 'fy_n': 9.9, 'fz_n': -1.89, 'tx_nm': 1.671, 'ty_nm': -0.17, 'tz_nm': 0.834}, 'joint_torques': [-2.71, 1.33, 2.3, 3.76, -2.33, 4.82]}",802,True,,False,"{'x_min_m': -0.8, 'x_max_m': 0.8, 'y_min_m': -0.6, 'y_max_m': 0.6, 'z_min_m': 0.0, 'z_max_m': 1.2}",lab,bright,2026-08-08T00:01:52.956027+00:00,synthetic_robotics_simulation,True
ROBO-001729,inspection,vacuum_gripper,"{'type': 'gear', 'material': 'plastic_abs', 'mass_kg': 1.612, 'dimensions_cm': {'length': 12.7, 'width': 17.6, 'height': 8.8}}","{'position': {'x': 0.0784, 'y': 0.4447, 'z': 0.6172}, 'orientation': {'roll_rad': -2.6835, 'pitch_rad': 1.4682, 'yaw_rad': 1.3827}}","[{'waypoint_id': 0, 'timestamp_ms': 0, 'joint_angles': [1.9375, -2.2578, -0.2099, 1.4832, 1.6735, -2.1185], 'ee_position': {'x': 0.0068, 'y': 0.4899, 'z': 0.6241}, 'gripper_width_mm': 17.4, 'gripper_force_n': 45.04}, {'waypoint_id': 1, 'timestamp_ms': 100, 'joint_angles': [0.4986, -2.1124, -0.0841, 1.7947, 0.1141, -1.0802], 'ee_position': {'x': 0.1488, 'y': 0.3785, 'z': 0.7882}, 'gripper_width_mm': 59.1, 'gripper_force_n': 18.55}, {'waypoint_id': 2, 'timestamp_ms': 200, 'joint_angles': [-3.1092, 1.7239, -2.1762, 2.6923, 0.9531, 1.5073], 'ee_position': {'x': 0.0459, 'y': 0.5075, 'z': 0.6359}, 'gripper_width_mm': 3.1, 'gripper_force_n': 27.77}, {'waypoint_id': 3, 'timestamp_ms': 300, 'joint_angles': [-2.7277, 0.5139, 0.2999, 1.2263, -2.342, -1.6839], 'ee_position': {'x': 0.1583, 'y': 0.516, 'z': 0.7658}, 'gripper_width_mm': 34.3, 'gripper_force_n': 37.06}, {'waypoint_id': 4, 'timestamp_ms': 400, 'joint_angles': [-2.7866, -2.4562, 2.7588, 0.3383, -0.9543, 1.7501], 'ee_position': {'x': 0.0775, 'y': 0.3734, 'z': 0.664}, 'gripper_width_mm': 17.9, 'gripper_force_n': 2.28}, {'waypoint_id': 5, 'timestamp_ms': 500, 'joint_angles': [1.042, 0.9214, -2.5306, 2.9556, -0.9572, 1.3975], 'ee_position': {'x': 0.0456, 'y': 0.496, 'z': 0.6428}, 'gripper_width_mm': 14.7, 'gripper_force_n': 24.36}, {'waypoint_id': 6, 'timestamp_ms': 600, 'joint_angles': [-2.6276, 1.4638, -2.4579, 1.7926, 1.6539, -1.7421], 'ee_position': {'x': 0.0007, 'y': 0.5397, 'z': 0.6318}, 'gripper_width_mm': 47.1, 'gripper_force_n': 44.9}]","{'camera_rgb': {'resolution': [640, 480], 'object_detected': True, 'bounding_box': [127, 142, 176, 88]}, 'depth_camera': {'mean_depth_m': 0.617, 'point_cloud_size': 47681}, 'force_torque': {'fx_n': -4.47, 'fy_n': 1.56, 'fz_n': 9.67, 'tx_nm': 0.472, 'ty_nm': 0.576, 'tz_nm': 0.161}, 'joint_torques': [1.56, -2.47, 0.04, -4.11, -4.61, -4.73]}",923,True,,False,"{'x_min_m': -0.8, 'x_max_m': 0.8, 'y_min_m': -0.6, 'y_max_m': 0.6, 'z_min_m': 0.0, 'z_max_m': 1.2}",lab,ir,2026-08-08T00:01:52.811497+00:00,synthetic_robotics_simulation,True
ROBO-000131,sorting,scara,"{'type': 'can', 'material': 'glass', 'mass_kg': 3.246, 'dimensions_cm': {'length': 1.5, 'width': 9.6, 'height': 13.4}}","{'position': {'x': -0.1223, 'y': -0.2677, 'z': 0.1885}, 'orientation': {'roll_rad': 2.0087, 'pitch_rad': -0.2491, 'yaw_rad': 1.2211}}","[{'waypoint_id': 0, 'timestamp_ms': 0, 'joint_angles': [1.2994, 0.4716, -1.9504, 1.4613, -1.0559, 2.0218], 'ee_position': {'x': -0.2209, 'y': -0.2573, 'z': 0.3267}, 'gripper_width_mm': 35.5, 'gripper_force_n': 1.76}, {'waypoint_id': 1, 'timestamp_ms': 100, 'joint_angles': [-1.9714, -0.9102, -0.693, -1.1258, -2.0842, 2.3709], 'ee_position': {'x': -0.1733, 'y': -0.2055, 'z': 0.1907}, 'gripper_width_mm': 15.2, 'gripper_force_n': 42.99}, {'waypoint_id': 2, 'timestamp_ms': 200, 'joint_angles': [-2.4903, -2.87, -0.8708, -1.3664, 2.7844, -0.5582], 'ee_position': {'x': -0.0714, 'y': -0.3538, 'z': 0.3208}, 'gripper_width_mm': 0.1, 'gripper_force_n': 43.73}, {'waypoint_id': 3, 'timestamp_ms': 300, 'joint_angles': [-0.7052, 1.4277, -1.5039, 0.0089, 0.9975, 2.001], 'ee_position': {'x': -0.1033, 'y': -0.3295, 'z': 0.318}, 'gripper_width_mm': 66.3, 'gripper_force_n': 14.9}]","{'camera_rgb': {'resolution': [640, 480], 'object_detected': True, 'bounding_box': [247, 182, 151, 106]}, 'depth_camera': {'mean_depth_m': 0.145, 'point_cloud_size': 16741}, 'force_torque': {'fx_n': 8.57, 'fy_n': -1.6, 'fz_n': 8.69, 'tx_nm': 1.18, 'ty_nm': -1.961, 'tz_nm': -0.752}, 'joint_torques': [-0.33, 0.78, 0.67, 2.39, -1.84, 4.38]}",6787,False,,False,"{'x_min_m': -0.8, 'x_max_m': 0.8, 'y_min_m': -0.6, 'y_max_m': 0.6, 'z_min_m': 0.0, 'z_max_m': 1.2}",lab,ir,2026-08-08T00:01:52.528817+00:00,synthetic_robotics_simulation,True
ROBO-000123,bin_picking,mobile_manipulator,"{'type': 'chip_package', 'material': 'silicone', 'mass_kg': 2.317, 'dimensions_cm': {'length': 2.6, 'width': 17.6, 'height': 1.4}}","{'position': {'x': 0.1119, 'y': -0.2069, 'z': 0.3414}, 'orientation': {'roll_rad': 2.1622, 'pitch_rad': 0.1233, 'yaw_rad': -0.1594}}","[{'waypoint_id': 0, 'timestamp_ms': 0, 'joint_angles': [2.6963, 2.4754, 0.0717, 1.4129, 1.9397, 0.04], 'ee_position': {'x': 0.1366, 'y': -0.1104, 'z': 0.3995}, 'gripper_width_mm': 17.3, 'gripper_force_n': 32.99}, {'waypoint_id': 1, 'timestamp_ms': 100, 'joint_angles': [1.4213, -2.6553, -1.6403, 2.6125, -0.431, -0.3781], 'ee_position': {'x': 0.0969, 'y': -0.1614, 'z': 0.5081}, 'gripper_width_mm': 60.1, 'gripper_force_n': 20.53}, {'waypoint_id': 2, 'timestamp_ms': 200, 'joint_angles': [-0.5142, 2.6107, -2.983, 0.9859, -0.5389, -2.3384], 'ee_position': {'x': 0.1445, 'y': -0.1904, 'z': 0.3428}, 'gripper_width_mm': 4.3, 'gripper_force_n': 33.83}, {'waypoint_id': 3, 'timestamp_ms': 300, 'joint_angles': [1.4289, 1.0533, 2.0201, 1.1849, -0.98, -2.0023], 'ee_position': {'x': 0.103, 'y': -0.2876, 'z': 0.4809}, 'gripper_width_mm': 25.3, 'gripper_force_n': 11.52}, {'waypoint_id': 4, 'timestamp_ms': 400, 'joint_angles': [-2.0754, -0.3825, 2.3208, 0.3495, 1.2987, -1.5867], 'ee_position': {'x': 0.1679, 'y': -0.2873, 'z': 0.3768}, 'gripper_width_mm': 69.8, 'gripper_force_n': 45.49}, {'waypoint_id': 5, 'timestamp_ms': 500, 'joint_angles': [0.1132, -1.5285, -0.2893, 1.4816, -2.6561, -1.731], 'ee_position': {'x': 0.1784, 'y': -0.2361, 'z': 0.5262}, 'gripper_width_mm': 73.8, 'gripper_force_n': 37.83}, {'waypoint_id': 6, 'timestamp_ms': 600, 'joint_angles': [-0.8302, -1.8738, 2.3113, -1.5615, 2.9261, 0.5099], 'ee_position': {'x': 0.064, 'y': -0.1711, 'z': 0.3893}, 'gripper_width_mm': 50.8, 'gripper_force_n': 4.15}, {'waypoint_id': 7, 'timestamp_ms': 700, 'joint_angles': [-2.186, -2.9276, 1.4454, -0.1695, -3.0078, 0.7431], 'ee_position': {'x': 0.1113, 'y': -0.1987, 'z': 0.491}, 'gripper_width_mm': 25.2, 'gripper_force_n': 36.42}]","{'camera_rgb': {'resolution': [640, 480], 'object_detected': True, 'bounding_box': [241, 170, 187, 144]}, 'depth_camera': {'mean_depth_m': 0.309, 'point_cloud_size': 17287}, 'force_torque': {'fx_n': -7.61, 'fy_n': 5.39, 'fz_n': 3.82, 'tx_nm': -1.692, 'ty_nm': -1.379, 'tz_nm': 0.067}, 'joint_torques': [-4.21, -4.47, 2.15, -1.61, -3.91, 2.39]}",5929,True,,False,"{'x_min_m': -0.8, 'x_max_m': 0.8, 'y_min_m': -0.6, 'y_max_m': 0.6, 'z_min_m': 0.0, 'z_max_m': 1.2}",kitchen,uv,2026-08-08T00:01:52.527817+00:00,synthetic_robotics_simulation,True
ROBO-000384,inspection,cobot,"{'type': 'nut', 'material': 'aluminum', 'mass_kg': 1.739, 'dimensions_cm': {'length': 2.5, 'width': 8.0, 'height': 4.2}}","{'position': {'x': 0.0785, 'y': -0.3504, 'z': 0.1078}, 'orientation': {'roll_rad': 2.9087, 'pitch_rad': -1.4596, 'yaw_rad': 1.381}}","[{'waypoint_id': 0, 'timestamp_ms': 0, 'joint_angles': [-3.0724, -2.0472, 2.6471, -1.6723, -2.5074, 1.0432], 'ee_position': {'x': 0.0977, 'y': -0.3802, 'z': 0.272}, 'gripper_width_mm': 74.8, 'gripper_force_n': 31.03}, {'waypoint_id': 1, 'timestamp_ms': 100, 'joint_angles': [2.4802, 2.3213, -0.2276, -2.3611, -2.7667, -2.6012], 'ee_position': {'x': 0.0682, 'y': -0.2915, 'z': 0.1647}, 'gripper_width_mm': 60.7, 'gripper_force_n': 4.75}, {'waypoint_id': 2, 'timestamp_ms': 200, 'joint_angles': [-1.2954, -2.1975, 2.503, -0.7544, 0.4875, 2.1647], 'ee_position': {'x': 0.0125, 'y': -0.4365, 'z': 0.1852}, 'gripper_width_mm': 27.0, 'gripper_force_n': 40.26}, {'waypoint_id': 3, 'timestamp_ms': 300, 'joint_angles': [1.7061, 1.6185, 2.2169, 1.1091, 2.281, -0.3916], 'ee_position': {'x': 0.041, 'y': -0.4363, 'z': 0.1682}, 'gripper_width_mm': 25.1, 'gripper_force_n': 35.13}, {'waypoint_id': 4, 'timestamp_ms': 400, 'joint_angles': [0.352, -2.0227, 1.6253, -2.0437, 2.7591, -3.0744], 'ee_position': {'x': 0.1373, 'y': -0.3754, 'z': 0.2919}, 'gripper_width_mm': 17.4, 'gripper_force_n': 3.71}, {'waypoint_id': 5, 'timestamp_ms': 500, 'joint_angles': [1.1607, -2.6046, -1.9339, -1.0497, 1.8384, 1.7466], 'ee_position': {'x': 0.0439, 'y': -0.2769, 'z': 0.2649}, 'gripper_width_mm': 78.1, 'gripper_force_n': 22.72}, {'waypoint_id': 6, 'timestamp_ms': 600, 'joint_angles': [-0.2277, 2.0385, -0.455, -1.0512, -2.2685, -1.2436], 'ee_position': {'x': 0.0092, 'y': -0.3568, 'z': 0.1379}, 'gripper_width_mm': 45.6, 'gripper_force_n': 29.37}, {'waypoint_id': 7, 'timestamp_ms': 700, 'joint_angles': [-0.3181, -0.7477, -2.1591, 1.9589, 1.7351, 0.1528], 'ee_position': {'x': 0.1359, 'y': -0.2862, 'z': 0.2654}, 'gripper_width_mm': 62.9, 'gripper_force_n': 41.24}, {'waypoint_id': 8, 'timestamp_ms': 800, 'joint_angles': [1.2119, 1.8631, -1.7661, -0.8462, -1.8948, -0.2345], 'ee_position': {'x': 0.1675, 'y': -0.4462, 'z': 0.2462}, 'gripper_width_mm': 12.9, 'gripper_force_n': 42.17}]","{'camera_rgb': {'resolution': [640, 480], 'object_detected': True, 'bounding_box': [271, 229, 77, 94]}, 'depth_camera': {'mean_depth_m': 0.099, 'point_cloud_size': 11046}, 'force_torque': {'fx_n': -6.02, 'fy_n': 4.06, 'fz_n': 15.28, 'tx_nm': -0.808, 'ty_nm': -0.983, 'tz_nm': 0.976}, 'joint_torques': [-0.32, 3.98, 4.58, 1.99, 4.51, 4.74]}",2304,True,,False,"{'x_min_m': -0.8, 'x_max_m': 0.8, 'y_min_m': -0.6, 'y_max_m': 0.6, 'z_min_m': 0.0, 'z_max_m': 1.2}",warehouse,ir,2026-08-08T00:01:52.585343+00:00,synthetic_robotics_simulation,True
ROBO-000896,pick_and_place,delta,"{'type': 'rectangular_box', 'material': 'silicone', 'mass_kg': 4.449, 'dimensions_cm': {'length': 14.9, 'width': 2.4, 'height': 11.9}}","{'position': {'x': -0.2104, 'y': 0.3079, 'z': 0.4159}, 'orientation': {'roll_rad': -0.8748, 'pitch_rad': -1.5111, 'yaw_rad': -2.5733}}","[{'waypoint_id': 0, 'timestamp_ms': 0, 'joint_angles': [0.852, -1.9655, -1.0236, -0.0521, -2.5549, 1.5196], 'ee_position': {'x': -0.1952, 'y': 0.2438, 'z': 0.5407}, 'gripper_width_mm': 54.7, 'gripper_force_n': 27.48}, {'waypoint_id': 1, 'timestamp_ms': 100, 'joint_angles': [-0.0045, 1.4294, -0.7619, 2.1514, -2.0988, 2.4814], 'ee_position': {'x': -0.1179, 'y': 0.332, 'z': 0.4272}, 'gripper_width_mm': 54.7, 'gripper_force_n': 19.54}, {'waypoint_id': 2, 'timestamp_ms': 200, 'joint_angles': [2.5273, -0.5277, 0.4158, 2.5502, -3.0453, -1.2725], 'ee_position': {'x': -0.1719, 'y': 0.2588, 'z': 0.4323}, 'gripper_width_mm': 30.4, 'gripper_force_n': 20.5}]","{'camera_rgb': {'resolution': [640, 480], 'object_detected': True, 'bounding_box': [214, 103, 79, 130]}, 'depth_camera': {'mean_depth_m': 0.379, 'point_cloud_size': 14308}, 'force_torque': {'fx_n': -1.49, 'fy_n': -6.58, 'fz_n': 3.69, 'tx_nm': 1.867, 'ty_nm': 1.075, 'tz_nm': 0.337}, 'joint_torques': [3.67, 1.42, -1.36, 0.01, -2.92, -1.52]}",6841,True,,False,"{'x_min_m': -0.8, 'x_max_m': 0.8, 'y_min_m': -0.6, 'y_max_m': 0.6, 'z_min_m': 0.0, 'z_max_m': 1.2}",warehouse,dim,2026-08-08T00:01:52.676411+00:00,synthetic_robotics_simulation,True
ROBO-000953,inspection,scara,"{'type': 'cone', 'material': 'ceramic', 'mass_kg': 4.495, 'dimensions_cm': {'length': 13.4, 'width': 15.6, 'height': 1.8}}","{'position': {'x': -0.4055, 'y': 0.4072, 'z': 0.303}, 'orientation': {'roll_rad': 2.2265, 'pitch_rad': 0.7717, 'yaw_rad': 2.5886}}","[{'waypoint_id': 0, 'timestamp_ms': 0, 'joint_angles': [-0.3405, -1.2931, 1.1723, 1.6391, 2.4357, -2.1634], 'ee_position': {'x': -0.4524, 'y': 0.353, 'z': 0.4769}, 'gripper_width_mm': 9.7, 'gripper_force_n': 8.74}, {'waypoint_id': 1, 'timestamp_ms': 100, 'joint_angles': [-0.2338, -3.0843, -0.0942, -1.8419, -2.7879, 2.2918], 'ee_position': {'x': -0.4606, 'y': 0.4706, 'z': 0.5008}, 'gripper_width_mm': 75.0, 'gripper_force_n': 13.81}, {'waypoint_id': 2, 'timestamp_ms': 200, 'joint_angles': [-2.7918, -1.5906, -2.9929, -1.0373, 3.0681, -2.6994], 'ee_position': {'x': -0.4552, 'y': 0.4204, 'z': 0.4894}, 'gripper_width_mm': 65.1, 'gripper_force_n': 47.63}]","{'camera_rgb': {'resolution': [640, 480], 'object_detected': True, 'bounding_box': [158, 212, 128, 121]}, 'depth_camera': {'mean_depth_m': 0.344, 'point_cloud_size': 12749}, 'force_torque': {'fx_n': 1.8, 'fy_n': 8.47, 'fz_n': 14.28, 'tx_nm': 1.674, 'ty_nm': -1.244, 'tz_nm': 0.738}, 'joint_torques': [-3.41, -4.1, -1.7, -1.82, -4.1, -2.58]}",6759,False,collision,False,"{'x_min_m': -0.8, 'x_max_m': 0.8, 'y_min_m': -0.6, 'y_max_m': 0.6, 'z_min_m': 0.0, 'z_max_m': 1.2}",kitchen,uv,2026-08-08T00:01:52.682413+00:00,synthetic_robotics_simulation,True
ROBO-002070,sorting,delta,"{'type': 'circuit_board', 'material': 'glass', 'mass_kg': 0.455, 'dimensions_cm': {'length': 1.7, 'width': 9.5, 'height': 12.7}}","{'position': {'x': 0.4586, 'y': 0.0152, 'z': 0.2046}, 'orientation': {'roll_rad': -0.8237, 'pitch_rad': -0.8374, 'yaw_rad': 1.1002}}","[{'waypoint_id': 0, 'timestamp_ms': 0, 'joint_angles': [2.9089, 2.4736, 2.8988, -1.6244, -1.0322, 2.6301], 'ee_position': {'x': 0.5407, 'y': -0.0041, 'z': 0.358}, 'gripper_width_mm': 83.1, 'gripper_force_n': 2.43}, {'waypoint_id': 1, 'timestamp_ms': 100, 'joint_angles': [-3.0282, -3.1385, -1.3453, 2.954, -2.6471, 2.0776], 'ee_position': {'x': 0.4642, 'y': -0.0131, 'z': 0.3387}, 'gripper_width_mm': 4.5, 'gripper_force_n': 46.51}, {'waypoint_id': 2, 'timestamp_ms': 200, 'joint_angles': [1.508, 0.8249, 0.907, 0.4385, 1.1333, -2.614], 'ee_position': {'x': 0.3645, 'y': -0.0187, 'z': 0.3431}, 'gripper_width_mm': 50.4, 'gripper_force_n': 40.95}, {'waypoint_id': 3, 'timestamp_ms': 300, 'joint_angles': [0.0521, -0.7133, -2.047, 0.2878, -1.668, 1.7753], 'ee_position': {'x': 0.5058, 'y': 0.0053, 'z': 0.3405}, 'gripper_width_mm': 65.1, 'gripper_force_n': 4.27}, {'waypoint_id': 4, 'timestamp_ms': 400, 'joint_angles': [-2.7682, -1.3782, 1.0168, 0.0006, -2.4959, -2.166], 'ee_position': {'x': 0.4441, 'y': 0.0727, 'z': 0.2526}, 'gripper_width_mm': 56.7, 'gripper_force_n': 37.43}, {'waypoint_id': 5, 'timestamp_ms': 500, 'joint_angles': [2.5518, 0.8662, -2.2983, 0.1925, 2.1421, -1.4141], 'ee_position': {'x': 0.5326, 'y': 0.0479, 'z': 0.3236}, 'gripper_width_mm': 18.5, 'gripper_force_n': 7.59}]","{'camera_rgb': {'resolution': [640, 480], 'object_detected': True, 'bounding_box': [152, 133, 103, 66]}, 'depth_camera': {'mean_depth_m': 0.219, 'point_cloud_size': 36611}, 'force_torque': {'fx_n': -5.02, 'fy_n': 6.58, 'fz_n': 19.19, 'tx_nm': 1.276, 'ty_nm': -0.045, 'tz_nm': -0.617}, 'joint_torques': [3.91, 0.16, -2.92, 4.31, 4.36, -1.96]}",3139,True,,False,"{'x_min_m': -0.8, 'x_max_m': 0.8, 'y_min_m': -0.6, 'y_max_m': 0.6, 'z_min_m': 0.0, 'z_max_m': 1.2}",lab,uv,2026-08-08T00:01:52.860501+00:00,synthetic_robotics_simulation,True
ROBO-002466,packaging,cobot,"{'type': 'screw', 'material': 'silicone', 'mass_kg': 3.731, 'dimensions_cm': {'length': 11.3, 'width': 1.1, 'height': 9.2}}","{'position': {'x': -0.4775, 'y': 0.278, 'z': 0.4852}, 'orientation': {'roll_rad': 0.3999, 'pitch_rad': -0.7824, 'yaw_rad': 1.2809}}","[{'waypoint_id': 0, 'timestamp_ms': 0, 'joint_angles': [-3.1305, -2.4449, -1.16, -1.2131, -2.0035, -2.6503], 'ee_position': {'x': -0.5646, 'y': 0.2352, 'z': 0.6127}, 'gripper_width_mm': 73.1, 'gripper_force_n': 2.74}, {'waypoint_id': 1, 'timestamp_ms': 100, 'joint_angles': [-2.7531, -1.3472, 0.7402, -0.5304, -1.5292, -0.4435], 'ee_position': {'x': -0.4713, 'y': 0.307, 'z': 0.5832}, 'gripper_width_mm': 38.9, 'gripper_force_n': 30.26}, {'waypoint_id': 2, 'timestamp_ms': 200, 'joint_angles': [-1.9605, 2.1274, -0.54, -2.1769, 0.6171, -0.6162], 'ee_position': {'x': -0.3916, 'y': 0.2699, 'z': 0.5788}, 'gripper_width_mm': 19.6, 'gripper_force_n': 9.89}, {'waypoint_id': 3, 'timestamp_ms': 300, 'joint_angles': [-2.1379, 1.1015, 0.4101, -1.5341, 2.3659, 0.7684], 'ee_position': {'x': -0.5178, 'y': 0.3405, 'z': 0.5811}, 'gripper_width_mm': 33.9, 'gripper_force_n': 21.19}, {'waypoint_id': 4, 'timestamp_ms': 400, 'joint_angles': [-1.1303, 0.4915, 2.4001, 2.8426, -2.8559, -2.7976], 'ee_position': {'x': -0.5495, 'y': 0.3499, 'z': 0.6724}, 'gripper_width_mm': 39.0, 'gripper_force_n': 15.81}]","{'camera_rgb': {'resolution': [640, 480], 'object_detected': True, 'bounding_box': [106, 229, 110, 64]}, 'depth_camera': {'mean_depth_m': 0.534, 'point_cloud_size': 27438}, 'force_torque': {'fx_n': -5.15, 'fy_n': 8.84, 'fz_n': 2.31, 'tx_nm': 0.024, 'ty_nm': 1.088, 'tz_nm': 0.977}, 'joint_torques': [-0.43, 3.36, 3.71, -0.73, -1.65, -1.38]}",853,True,,False,"{'x_min_m': -0.8, 'x_max_m': 0.8, 'y_min_m': -0.6, 'y_max_m': 0.6, 'z_min_m': 0.0, 'z_max_m': 1.2}",warehouse,uv,2026-08-08T00:01:52.961027+00:00,synthetic_robotics_simulation,True
ROBO-000109,inspection,mobile_manipulator,"{'type': 'bottle', 'material': 'wood', 'mass_kg': 4.44, 'dimensions_cm': {'length': 7.4, 'width': 13.5, 'height': 0.9}}","{'position': {'x': -0.1641, 'y': -0.3272, 'z': 0.3477}, 'orientation': {'roll_rad': 0.4519, 'pitch_rad': -0.8249, 'yaw_rad': 2.6006}}","[{'waypoint_id': 0, 'timestamp_ms': 0, 'joint_angles': [2.3623, 0.3413, 0.8735, -3.05, 0.1343, 0.6897], 'ee_position': {'x': -0.1572, 'y': -0.361, 'z': 0.4381}, 'gripper_width_mm': 50.2, 'gripper_force_n': 18.7}, {'waypoint_id': 1, 'timestamp_ms': 100, 'joint_angles': [-2.3328, -1.6529, 0.2037, 1.0624, 2.3114, 2.8522], 'ee_position': {'x': -0.2188, 'y': -0.3918, 'z': 0.4377}, 'gripper_width_mm': 9.2, 'gripper_force_n': 43.29}, {'waypoint_id': 2, 'timestamp_ms': 200, 'joint_angles': [0.0322, 1.339, 2.2823, -0.9596, 1.7736, -2.1289], 'ee_position': {'x': -0.0878, 'y': -0.2344, 'z': 0.3772}, 'gripper_width_mm': 27.0, 'gripper_force_n': 1.4}, {'waypoint_id': 3, 'timestamp_ms': 300, 'joint_angles': [2.787, 0.236, 1.7932, -2.9976, 2.775, 0.9737], 'ee_position': {'x': -0.2126, 'y': -0.3396, 'z': 0.4829}, 'gripper_width_mm': 17.5, 'gripper_force_n': 22.19}, {'waypoint_id': 4, 'timestamp_ms': 400, 'joint_angles': [-2.3069, -1.9281, -0.3592, 2.2396, -2.4284, 1.2793], 'ee_position': {'x': -0.1177, 'y': -0.3139, 'z': 0.5189}, 'gripper_width_mm': 62.9, 'gripper_force_n': 0.72}, {'waypoint_id': 5, 'timestamp_ms': 500, 'joint_angles': [-0.2641, -1.2033, -0.2893, -2.1034, 0.5683, -0.6839], 'ee_position': {'x': -0.1039, 'y': -0.2549, 'z': 0.3555}, 'gripper_width_mm': 55.6, 'gripper_force_n': 6.66}, {'waypoint_id': 6, 'timestamp_ms': 600, 'joint_angles': [1.248, -0.0966, 2.4635, 1.4948, -1.3907, -2.2639], 'ee_position': {'x': -0.1874, 'y': -0.2567, 'z': 0.4746}, 'gripper_width_mm': 56.3, 'gripper_force_n': 12.01}, {'waypoint_id': 7, 'timestamp_ms': 700, 'joint_angles': [1.4441, -2.5764, -0.0438, 1.0525, 1.8037, 0.443], 'ee_position': {'x': -0.1483, 'y': -0.3207, 'z': 0.4155}, 'gripper_width_mm': 37.8, 'gripper_force_n': 23.51}, {'waypoint_id': 8, 'timestamp_ms': 800, 'joint_angles': [2.8164, -1.2269, -2.3008, 2.9605, -1.9195, -0.161], 'ee_position': {'x': -0.1641, 'y': -0.2323, 'z': 0.431}, 'gripper_width_mm': 63.9, 'gripper_force_n': 10.22}, {'waypoint_id': 9, 'timestamp_ms': 900, 'joint_angles': [-1.2742, -3.112, 1.1506, -2.4093, 1.7001, 2.4857], 'ee_position': {'x': -0.1959, 'y': -0.2434, 'z': 0.4405}, 'gripper_width_mm': 21.5, 'gripper_force_n': 34.54}]","{'camera_rgb': {'resolution': [640, 480], 'object_detected': True, 'bounding_box': [195, 280, 190, 146]}, 'depth_camera': {'mean_depth_m': 0.345, 'point_cloud_size': 35474}, 'force_torque': {'fx_n': -1.45, 'fy_n': -8.3, 'fz_n': 16.79, 'tx_nm': 1.267, 'ty_nm': 0.716, 'tz_nm': -0.878}, 'joint_torques': [-1.04, 0.95, -3.14, 4.52, -2.76, 1.02]}",4636,True,,False,"{'x_min_m': -0.8, 'x_max_m': 0.8, 'y_min_m': -0.6, 'y_max_m': 0.6, 'z_min_m': 0.0, 'z_max_m': 1.2}",warehouse,variable,2026-08-08T00:01:52.526817+00:00,synthetic_robotics_simulation,True
ROBO-002299,pick_and_place,vacuum_gripper,"{'type': 'cone', 'material': 'plastic_abs', 'mass_kg': 3.276, 'dimensions_cm': {'length': 7.5, 'width': 5.5, 'height': 8.2}}","{'position': {'x': 0.199, 'y': -0.4087, 'z': 0.291}, 'orientation': {'roll_rad': -2.0449, 'pitch_rad': 0.8429, 'yaw_rad': 2.0254}}","[{'waypoint_id': 0, 'timestamp_ms': 0, 'joint_angles': [-0.5241, 2.8042, -0.9059, 1.321, -1.1978, -1.0881], 'ee_position': {'x': 0.2862, 'y': -0.4917, 'z': 0.3035}, 'gripper_width_mm': 2.6, 'gripper_force_n': 16.82}, {'waypoint_id': 1, 'timestamp_ms': 100, 'joint_angles': [-2.1728, 0.6057, -0.9774, 1.3936, 0.3991, -2.2158], 'ee_position': {'x': 0.2005, 'y': -0.3281, 'z': 0.3706}, 'gripper_width_mm': 57.8, 'gripper_force_n': 47.75}, {'waypoint_id': 2, 'timestamp_ms': 200, 'joint_angles': [-0.4965, -0.857, 2.9789, 2.005, -0.5536, 1.1028], 'ee_position': {'x': 0.2456, 'y': -0.3607, 'z': 0.4025}, 'gripper_width_mm': 48.0, 'gripper_force_n': 19.18}, {'waypoint_id': 3, 'timestamp_ms': 300, 'joint_angles': [2.1235, 0.914, 1.1517, -0.8069, -2.6212, 1.9145], 'ee_position': {'x': 0.2466, 'y': -0.4802, 'z': 0.4252}, 'gripper_width_mm': 68.9, 'gripper_force_n': 31.0}]","{'camera_rgb': {'resolution': [640, 480], 'object_detected': True, 'bounding_box': [158, 186, 143, 61]}, 'depth_camera': {'mean_depth_m': 0.311, 'point_cloud_size': 27744}, 'force_torque': {'fx_n': 5.83, 'fy_n': -2.56, 'fz_n': 18.44, 'tx_nm': 0.949, 'ty_nm': 0.599, 'tz_nm': -0.768}, 'joint_torques': [2.93, 0.79, 2.65, -0.97, 1.19, -0.55]}",1992,True,,False,"{'x_min_m': -0.8, 'x_max_m': 0.8, 'y_min_m': -0.6, 'y_max_m': 0.6, 'z_min_m': 0.0, 'z_max_m': 1.2}",outdoor,uv,2026-08-08T00:01:52.943016+00:00,synthetic_robotics_simulation,True
ROBO-000815,pick_and_place,delta,"{'type': 'cone', 'material': 'aluminum', 'mass_kg': 3.985, 'dimensions_cm': {'length': 13.4, 'width': 14.8, 'height': 14.8}}","{'position': {'x': 0.0167, 'y': 0.475, 'z': 0.1455}, 'orientation': {'roll_rad': -0.6531, 'pitch_rad': -1.013, 'yaw_rad': 0.068}}","[{'waypoint_id': 0, 'timestamp_ms': 0, 'joint_angles': [-2.6917, -1.7011, -0.8826, -2.2964, -1.6173, -0.1494], 'ee_position': {'x': 0.0714, 'y': 0.4491, 'z': 0.2396}, 'gripper_width_mm': 21.7, 'gripper_force_n': 5.88}, {'waypoint_id': 1, 'timestamp_ms': 100, 'joint_angles': [2.0696, 0.853, 1.8395, -2.1529, 2.9101, 0.505], 'ee_position': {'x': 0.1163, 'y': 0.3769, 'z': 0.2794}, 'gripper_width_mm': 62.5, 'gripper_force_n': 41.51}, {'waypoint_id': 2, 'timestamp_ms': 200, 'joint_angles': [0.4508, -0.8251, -1.8171, -1.4817, 2.4635, 0.9881], 'ee_position': {'x': 0.1117, 'y': 0.5736, 'z': 0.3231}, 'gripper_width_mm': 15.3, 'gripper_force_n': 47.01}, {'waypoint_id': 3, 'timestamp_ms': 300, 'joint_angles': [-2.5017, -0.8476, 2.1313, -3.0039, -0.3699, 0.3304], 'ee_position': {'x': 0.0923, 'y': 0.5374, 'z': 0.2372}, 'gripper_width_mm': 45.9, 'gripper_force_n': 43.3}, {'waypoint_id': 4, 'timestamp_ms': 400, 'joint_angles': [0.3698, -1.546, 0.5081, 2.9074, 0.4932, -0.917], 'ee_position': {'x': 0.0303, 'y': 0.52, 'z': 0.1968}, 'gripper_width_mm': 71.9, 'gripper_force_n': 5.75}]","{'camera_rgb': {'resolution': [640, 480], 'object_detected': True, 'bounding_box': [323, 163, 195, 105]}, 'depth_camera': {'mean_depth_m': 0.124, 'point_cloud_size': 35922}, 'force_torque': {'fx_n': -4.13, 'fy_n': 1.82, 'fz_n': 1.43, 'tx_nm': -1.993, 'ty_nm': 0.372, 'tz_nm': -0.486}, 'joint_torques': [-1.62, 0.1, -4.51, -4.79, -2.41, 0.63]}",1869,True,,False,"{'x_min_m': -0.8, 'x_max_m': 0.8, 'y_min_m': -0.6, 'y_max_m': 0.6, 'z_min_m': 0.0, 'z_max_m': 1.2}",warehouse,bright,2026-08-08T00:01:52.668408+00:00,synthetic_robotics_simulation,True
ROBO-002233,palletizing,vacuum_gripper,"{'type': 'motor', 'material': 'glass', 'mass_kg': 2.218, 'dimensions_cm': {'length': 11.4, 'width': 13.3, 'height': 7.5}}","{'position': {'x': -0.3115, 'y': 0.0408, 'z': 0.0525}, 'orientation': {'roll_rad': -2.6033, 'pitch_rad': -0.6564, 'yaw_rad': -2.0553}}","[{'waypoint_id': 0, 'timestamp_ms': 0, 'joint_angles': [2.562, 2.1095, -0.9027, 2.3724, -1.9017, 0.1935], 'ee_position': {'x': -0.311, 'y': 0.045, 'z': 0.1151}, 'gripper_width_mm': 29.4, 'gripper_force_n': 2.63}, {'waypoint_id': 1, 'timestamp_ms': 100, 'joint_angles': [-2.3797, -2.8099, 0.4227, 0.2855, -1.8833, 1.5057], 'ee_position': {'x': -0.3594, 'y': -0.0142, 'z': 0.1812}, 'gripper_width_mm': 39.5, 'gripper_force_n': 12.97}, {'waypoint_id': 2, 'timestamp_ms': 200, 'joint_angles': [-3.0039, 2.4182, 2.5072, -1.7066, -1.3599, 1.9496], 'ee_position': {'x': -0.2324, 'y': 0.0949, 'z': 0.0959}, 'gripper_width_mm': 32.8, 'gripper_force_n': 47.76}]","{'camera_rgb': {'resolution': [640, 480], 'object_detected': True, 'bounding_box': [122, 248, 153, 73]}, 'depth_camera': {'mean_depth_m': 0.068, 'point_cloud_size': 29274}, 'force_torque': {'fx_n': -6.35, 'fy_n': 7.11, 'fz_n': -3.9, 'tx_nm': 1.386, 'ty_nm': 1.217, 'tz_nm': 0.897}, 'joint_torques': [-3.96, -2.2, -2.21, -2.37, -3.85, 1.79]}",2285,False,,False,"{'x_min_m': -0.8, 'x_max_m': 0.8, 'y_min_m': -0.6, 'y_max_m': 0.6, 'z_min_m': 0.0, 'z_max_m': 1.2}",kitchen,dim,2026-08-08T00:01:52.936018+00:00,synthetic_robotics_simulation,True
ROBO-001719,pick_and_place,mobile_manipulator,"{'type': 'gear', 'material': 'carbon_fiber', 'mass_kg': 2.842, 'dimensions_cm': {'length': 12.1, 'width': 4.3, 'height': 2.4}}","{'position': {'x': 0.4922, 'y': -0.2713, 'z': 0.6033}, 'orientation': {'roll_rad': 2.4773, 'pitch_rad': -0.9442, 'yaw_rad': -0.5037}}","[{'waypoint_id': 0, 'timestamp_ms': 0, 'joint_angles': [-2.9522, -0.1661, 1.8649, 0.789, -1.2758, 0.8552], 'ee_position': {'x': 0.5059, 'y': -0.2687, 'z': 0.6481}, 'gripper_width_mm': 68.5, 'gripper_force_n': 18.96}, {'waypoint_id': 1, 'timestamp_ms': 100, 'joint_angles': [0.1227, 2.7527, -2.4959, 1.0958, -2.1561, 1.2014], 'ee_position': {'x': 0.5449, 'y': -0.2069, 'z': 0.7341}, 'gripper_width_mm': 56.8, 'gripper_force_n': 2.33}, {'waypoint_id': 2, 'timestamp_ms': 200, 'joint_angles': [-1.8315, 2.0962, 2.7383, 2.2312, -2.8226, -1.2644], 'ee_position': {'x': 0.5116, 'y': -0.2967, 'z': 0.6041}, 'gripper_width_mm': 27.0, 'gripper_force_n': 23.94}, {'waypoint_id': 3, 'timestamp_ms': 300, 'joint_angles': [-0.5634, 0.8226, -2.7143, 2.6771, -0.7773, 3.038], 'ee_position': {'x': 0.5461, 'y': -0.3588, 'z': 0.7413}, 'gripper_width_mm': 80.4, 'gripper_force_n': 34.31}, {'waypoint_id': 4, 'timestamp_ms': 400, 'joint_angles': [-1.4633, 1.0207, -2.7839, 2.9901, 2.3379, 2.7905], 'ee_position': {'x': 0.4127, 'y': -0.2266, 'z': 0.7264}, 'gripper_width_mm': 28.7, 'gripper_force_n': 49.98}]","{'camera_rgb': {'resolution': [640, 480], 'object_detected': True, 'bounding_box': [117, 222, 175, 87]}, 'depth_camera': {'mean_depth_m': 0.588, 'point_cloud_size': 29410}, 'force_torque': {'fx_n': -0.21, 'fy_n': 1.8, 'fz_n': -0.79, 'tx_nm': -1.994, 'ty_nm': -1.827, 'tz_nm': 0.125}, 'joint_torques': [-0.13, -0.52, 3.28, 2.77, 4.19, -3.02]}",1195,True,,False,"{'x_min_m': -0.8, 'x_max_m': 0.8, 'y_min_m': -0.6, 'y_max_m': 0.6, 'z_min_m': 0.0, 'z_max_m': 1.2}",outdoor,bright,2026-08-08T00:01:52.810497+00:00,synthetic_robotics_simulation,True
ROBO-000903,sorting,6dof_arm,"{'type': 'motor', 'material': 'silicone', 'mass_kg': 1.543, 'dimensions_cm': {'length': 26.0, 'width': 2.4, 'height': 9.4}}","{'position': {'x': 0.0848, 'y': -0.1162, 'z': 0.3583}, 'orientation': {'roll_rad': 1.9712, 'pitch_rad': -0.911, 'yaw_rad': 2.4434}}","[{'waypoint_id': 0, 'timestamp_ms': 0, 'joint_angles': [-1.9099, 3.059, 1.0414, -2.0654, -1.1978, 2.2793], 'ee_position': {'x': 0.0462, 'y': -0.0691, 'z': 0.5242}, 'gripper_width_mm': 44.0, 'gripper_force_n': 29.98}, {'waypoint_id': 1, 'timestamp_ms': 100, 'joint_angles': [-0.7937, 0.3813, 0.6973, -2.5405, 1.2745, -1.1843], 'ee_position': {'x': 0.0435, 'y': -0.1232, 'z': 0.5118}, 'gripper_width_mm': 20.4, 'gripper_force_n': 14.89}, {'waypoint_id': 2, 'timestamp_ms': 200, 'joint_angles': [-2.7876, 1.2074, 2.2251, -1.8101, -2.5794, 0.2938], 'ee_position': {'x': 0.0512, 'y': -0.2099, 'z': 0.4133}, 'gripper_width_mm': 63.2, 'gripper_force_n': 20.27}, {'waypoint_id': 3, 'timestamp_ms': 300, 'joint_angles': [0.3933, 2.1838, -1.4123, 0.1473, 0.916, 2.2059], 'ee_position': {'x': -0.0121, 'y': -0.1267, 'z': 0.4869}, 'gripper_width_mm': 79.3, 'gripper_force_n': 21.71}, {'waypoint_id': 4, 'timestamp_ms': 400, 'joint_angles': [-0.4135, 1.8811, 2.4548, 2.1213, -1.6732, -1.2567], 'ee_position': {'x': 0.0142, 'y': -0.1017, 'z': 0.5406}, 'gripper_width_mm': 57.8, 'gripper_force_n': 23.77}, {'waypoint_id': 5, 'timestamp_ms': 500, 'joint_angles': [2.9822, 0.8305, 1.5295, 0.5307, 2.1746, -1.5361], 'ee_position': {'x': -0.0129, 'y': -0.0481, 'z': 0.4311}, 'gripper_width_mm': 64.2, 'gripper_force_n': 35.45}, {'waypoint_id': 6, 'timestamp_ms': 600, 'joint_angles': [1.9659, 2.7175, 1.0068, 1.5922, -0.8066, 1.4142], 'ee_position': {'x': 0.1773, 'y': -0.0949, 'z': 0.5414}, 'gripper_width_mm': 23.5, 'gripper_force_n': 46.28}]","{'camera_rgb': {'resolution': [640, 480], 'object_detected': True, 'bounding_box': [164, 213, 159, 145]}, 'depth_camera': {'mean_depth_m': 0.366, 'point_cloud_size': 29492}, 'force_torque': {'fx_n': 4.59, 'fy_n': -3.75, 'fz_n': 3.45, 'tx_nm': -0.115, 'ty_nm': 1.238, 'tz_nm': 0.793}, 'joint_torques': [0.33, 2.99, -3.74, -2.17, 4.28, 1.5]}",7045,False,collision,False,"{'x_min_m': -0.8, 'x_max_m': 0.8, 'y_min_m': -0.6, 'y_max_m': 0.6, 'z_min_m': 0.0, 'z_max_m': 1.2}",factory,ir,2026-08-08T00:01:52.676411+00:00,synthetic_robotics_simulation,True
ROBO-001840,quality_check,vacuum_gripper,"{'type': 'cone', 'material': 'steel', 'mass_kg': 0.023, 'dimensions_cm': {'length': 25.1, 'width': 9.7, 'height': 0.6}}","{'position': {'x': -0.4593, 'y': 0.1858, 'z': 0.5734}, 'orientation': {'roll_rad': 0.8615, 'pitch_rad': -0.815, 'yaw_rad': 2.3901}}","[{'waypoint_id': 0, 'timestamp_ms': 0, 'joint_angles': [-1.6006, -0.5443, 0.019, -1.1249, -0.9791, -0.6306], 'ee_position': {'x': -0.3602, 'y': 0.2719, 'z': 0.6541}, 'gripper_width_mm': 7.1, 'gripper_force_n': 48.01}, {'waypoint_id': 1, 'timestamp_ms': 100, 'joint_angles': [-2.6959, -2.7511, 2.1625, -1.9712, 1.318, -1.465], 'ee_position': {'x': -0.4837, 'y': 0.2757, 'z': 0.615}, 'gripper_width_mm': 3.9, 'gripper_force_n': 8.91}, {'waypoint_id': 2, 'timestamp_ms': 200, 'joint_angles': [0.0197, 2.4601, 1.5312, 2.2589, -0.9821, -3.0096], 'ee_position': {'x': -0.5329, 'y': 0.1537, 'z': 0.6162}, 'gripper_width_mm': 66.1, 'gripper_force_n': 43.97}, {'waypoint_id': 3, 'timestamp_ms': 300, 'joint_angles': [1.7823, 2.8314, -2.614, 1.7624, -1.7721, 2.7776], 'ee_position': {'x': -0.3996, 'y': 0.2217, 'z': 0.6565}, 'gripper_width_mm': 82.9, 'gripper_force_n': 2.67}, {'waypoint_id': 4, 'timestamp_ms': 400, 'joint_angles': [-2.0703, -2.8222, 1.1612, -2.6562, 1.0664, -0.695], 'ee_position': {'x': -0.5557, 'y': 0.0872, 'z': 0.7063}, 'gripper_width_mm': 33.2, 'gripper_force_n': 0.65}, {'waypoint_id': 5, 'timestamp_ms': 500, 'joint_angles': [2.114, 3.0071, -1.5188, -1.1462, -2.5363, -3.1256], 'ee_position': {'x': -0.4196, 'y': 0.1936, 'z': 0.6949}, 'gripper_width_mm': 4.1, 'gripper_force_n': 43.83}, {'waypoint_id': 6, 'timestamp_ms': 600, 'joint_angles': [1.0552, -3.0563, 3.0914, 1.1551, 0.9251, -1.8398], 'ee_position': {'x': -0.3996, 'y': 0.1538, 'z': 0.7442}, 'gripper_width_mm': 81.0, 'gripper_force_n': 32.64}]","{'camera_rgb': {'resolution': [640, 480], 'object_detected': True, 'bounding_box': [216, 220, 79, 103]}, 'depth_camera': {'mean_depth_m': 0.551, 'point_cloud_size': 34387}, 'force_torque': {'fx_n': 1.8, 'fy_n': 7.66, 'fz_n': 1.84, 'tx_nm': 0.542, 'ty_nm': 0.251, 'tz_nm': 0.895}, 'joint_torques': [1.36, 1.88, -3.84, 4.97, 4.36, 3.45]}",2463,True,,False,"{'x_min_m': -0.8, 'x_max_m': 0.8, 'y_min_m': -0.6, 'y_max_m': 0.6, 'z_min_m': 0.0, 'z_max_m': 1.2}",lab,dim,2026-08-08T00:01:52.821496+00:00,synthetic_robotics_simulation,True
ROBO-002414,packaging,magnetic_gripper,"{'type': 'screw', 'material': 'rubber', 'mass_kg': 0.36, 'dimensions_cm': {'length': 7.0, 'width': 9.0, 'height': 3.4}}","{'position': {'x': -0.4675, 'y': -0.1923, 'z': 0.5803}, 'orientation': {'roll_rad': -0.6812, 'pitch_rad': -0.9433, 'yaw_rad': 2.7163}}","[{'waypoint_id': 0, 'timestamp_ms': 0, 'joint_angles': [1.7972, 2.0948, -1.088, -2.0638, -2.6977, -2.4234], 'ee_position': {'x': -0.4436, 'y': -0.1779, 'z': 0.6386}, 'gripper_width_mm': 34.5, 'gripper_force_n': 11.25}, {'waypoint_id': 1, 'timestamp_ms': 100, 'joint_angles': [-1.2425, -2.4066, 0.8391, -2.5733, 0.6408, -0.235], 'ee_position': {'x': -0.3884, 'y': -0.1853, 'z': 0.6121}, 'gripper_width_mm': 53.2, 'gripper_force_n': 3.17}, {'waypoint_id': 2, 'timestamp_ms': 200, 'joint_angles': [2.5948, 1.3225, 2.9897, -0.8909, 0.4387, 0.6011], 'ee_position': {'x': -0.4818, 'y': -0.1979, 'z': 0.602}, 'gripper_width_mm': 26.4, 'gripper_force_n': 12.79}, {'waypoint_id': 3, 'timestamp_ms': 300, 'joint_angles': [1.546, -0.885, -0.8545, -0.9192, 1.2339, 2.9136], 'ee_position': {'x': -0.5628, 'y': -0.2568, 'z': 0.7544}, 'gripper_width_mm': 3.1, 'gripper_force_n': 33.82}]","{'camera_rgb': {'resolution': [640, 480], 'object_detected': True, 'bounding_box': [320, 107, 142, 145]}, 'depth_camera': {'mean_depth_m': 0.568, 'point_cloud_size': 38546}, 'force_torque': {'fx_n': 4.64, 'fy_n': -7.17, 'fz_n': 5.23, 'tx_nm': 0.817, 'ty_nm': -1.518, 'tz_nm': -0.642}, 'joint_torques': [1.82, 4.97, -0.05, 3.04, -3.11, 1.09]}",3067,False,force_limit,False,"{'x_min_m': -0.8, 'x_max_m': 0.8, 'y_min_m': -0.6, 'y_max_m': 0.6, 'z_min_m': 0.0, 'z_max_m': 1.2}",lab,bright,2026-08-08T00:01:52.955028+00:00,synthetic_robotics_simulation,True
ROBO-001140,quality_check,magnetic_gripper,"{'type': 'cube', 'material': 'aluminum', 'mass_kg': 2.707, 'dimensions_cm': {'length': 4.1, 'width': 10.6, 'height': 2.5}}","{'position': {'x': -0.1739, 'y': 0.1432, 'z': 0.1674}, 'orientation': {'roll_rad': 1.7177, 'pitch_rad': -1.306, 'yaw_rad': 0.7676}}","[{'waypoint_id': 0, 'timestamp_ms': 0, 'joint_angles': [1.8747, -2.2709, -2.1611, -2.5618, -3.0211, 2.0683], 'ee_position': {'x': -0.1308, 'y': 0.215, 'z': 0.2061}, 'gripper_width_mm': 76.7, 'gripper_force_n': 27.22}, {'waypoint_id': 1, 'timestamp_ms': 100, 'joint_angles': [0.2598, 2.2206, 1.2266, -2.5225, -2.9969, -1.0613], 'ee_position': {'x': -0.1965, 'y': 0.1634, 'z': 0.2122}, 'gripper_width_mm': 22.3, 'gripper_force_n': 2.55}, {'waypoint_id': 2, 'timestamp_ms': 200, 'joint_angles': [1.8225, 0.1485, -2.5192, 2.8675, 3.0206, -1.3286], 'ee_position': {'x': -0.2409, 'y': 0.1406, 'z': 0.2335}, 'gripper_width_mm': 47.3, 'gripper_force_n': 17.01}, {'waypoint_id': 3, 'timestamp_ms': 300, 'joint_angles': [-2.1244, -0.9058, 1.7943, 1.2323, -0.1484, 2.9419], 'ee_position': {'x': -0.0809, 'y': 0.077, 'z': 0.1886}, 'gripper_width_mm': 2.2, 'gripper_force_n': 26.5}, {'waypoint_id': 4, 'timestamp_ms': 400, 'joint_angles': [-0.0952, 0.2773, 2.0721, 2.7234, -1.2136, 1.3163], 'ee_position': {'x': -0.147, 'y': 0.1268, 'z': 0.2198}, 'gripper_width_mm': 15.1, 'gripper_force_n': 23.15}, {'waypoint_id': 5, 'timestamp_ms': 500, 'joint_angles': [1.7171, -1.7949, -0.9612, 0.7356, -0.44, 1.3342], 'ee_position': {'x': -0.205, 'y': 0.0772, 'z': 0.2007}, 'gripper_width_mm': 67.6, 'gripper_force_n': 27.48}, {'waypoint_id': 6, 'timestamp_ms': 600, 'joint_angles': [-0.0622, 2.1632, 0.8396, 0.8841, 0.2808, 0.4585], 'ee_position': {'x': -0.2109, 'y': 0.0832, 'z': 0.1775}, 'gripper_width_mm': 28.5, 'gripper_force_n': 39.45}, {'waypoint_id': 7, 'timestamp_ms': 700, 'joint_angles': [0.9085, -0.8909, 0.45, -3.1343, 0.0102, 0.8222], 'ee_position': {'x': -0.2352, 'y': 0.1116, 'z': 0.2595}, 'gripper_width_mm': 1.0, 'gripper_force_n': 23.79}, {'waypoint_id': 8, 'timestamp_ms': 800, 'joint_angles': [-2.5274, 2.3123, 2.0786, 2.2481, -0.278, 1.5512], 'ee_position': {'x': -0.2407, 'y': 0.2224, 'z': 0.2501}, 'gripper_width_mm': 55.0, 'gripper_force_n': 33.02}]","{'camera_rgb': {'resolution': [640, 480], 'object_detected': True, 'bounding_box': [294, 285, 97, 78]}, 'depth_camera': {'mean_depth_m': 0.191, 'point_cloud_size': 47277}, 'force_torque': {'fx_n': -4.06, 'fy_n': -4.09, 'fz_n': -3.71, 'tx_nm': -0.919, 'ty_nm': -1.176, 'tz_nm': 0.933}, 'joint_torques': [3.78, -3.51, -4.04, 4.29, 1.12, -3.47]}",3695,True,,False,"{'x_min_m': -0.8, 'x_max_m': 0.8, 'y_min_m': -0.6, 'y_max_m': 0.6, 'z_min_m': 0.0, 'z_max_m': 1.2}",lab,uv,2026-08-08T00:01:52.703410+00:00,synthetic_robotics_simulation,True
ROBO-000027,bin_picking,mobile_manipulator,"{'type': 'cylinder', 'material': 'aluminum', 'mass_kg': 3.31, 'dimensions_cm': {'length': 27.6, 'width': 15.7, 'height': 12.9}}","{'position': {'x': 0.1963, 'y': 0.1835, 'z': 0.5076}, 'orientation': {'roll_rad': -2.7974, 'pitch_rad': -0.9771, 'yaw_rad': -2.3319}}","[{'waypoint_id': 0, 'timestamp_ms': 0, 'joint_angles': [-0.3494, -0.9872, 2.8815, -0.8388, 1.8991, 0.8459], 'ee_position': {'x': 0.1116, 'y': 0.1567, 'z': 0.628}, 'gripper_width_mm': 74.4, 'gripper_force_n': 40.31}, {'waypoint_id': 1, 'timestamp_ms': 100, 'joint_angles': [-1.8341, 1.2895, -1.4705, -2.7518, -1.2639, -1.0701], 'ee_position': {'x': 0.1069, 'y': 0.094, 'z': 0.5144}, 'gripper_width_mm': 0.3, 'gripper_force_n': 21.48}, {'waypoint_id': 2, 'timestamp_ms': 200, 'joint_angles': [-1.2911, 0.8279, 2.7917, -0.7721, 2.4084, -0.3145], 'ee_position': {'x': 0.2309, 'y': 0.2484, 'z': 0.5098}, 'gripper_width_mm': 74.2, 'gripper_force_n': 2.21}, {'waypoint_id': 3, 'timestamp_ms': 300, 'joint_angles': [0.6372, 0.5244, 1.6741, 2.8452, -0.0863, 1.5584], 'ee_position': {'x': 0.2028, 'y': 0.155, 'z': 0.5301}, 'gripper_width_mm': 38.3, 'gripper_force_n': 16.88}, {'waypoint_id': 4, 'timestamp_ms': 400, 'joint_angles': [-0.0853, -0.6944, -0.725, 1.2031, -2.5696, -1.4073], 'ee_position': {'x': 0.1185, 'y': 0.2091, 'z': 0.6599}, 'gripper_width_mm': 39.1, 'gripper_force_n': 27.0}]","{'camera_rgb': {'resolution': [640, 480], 'object_detected': True, 'bounding_box': [193, 239, 189, 149]}, 'depth_camera': {'mean_depth_m': 0.48, 'point_cloud_size': 49426}, 'force_torque': {'fx_n': -0.72, 'fy_n': -6.71, 'fz_n': 13.35, 'tx_nm': 0.579, 'ty_nm': 1.886, 'tz_nm': -0.937}, 'joint_torques': [3.02, -2.35, 3.67, 1.24, -1.91, -1.68]}",6838,False,slippage,False,"{'x_min_m': -0.8, 'x_max_m': 0.8, 'y_min_m': -0.6, 'y_max_m': 0.6, 'z_min_m': 0.0, 'z_max_m': 1.2}",lab,bright,2026-08-08T00:01:52.470816+00:00,synthetic_robotics_simulation,True
ROBO-000654,palletizing,parallel_gripper,"{'type': 'bearing', 'material': 'plastic_abs', 'mass_kg': 3.344, 'dimensions_cm': {'length': 25.9, 'width': 3.5, 'height': 12.1}}","{'position': {'x': 0.0916, 'y': -0.3121, 'z': 0.7855}, 'orientation': {'roll_rad': -1.2489, 'pitch_rad': -0.2635, 'yaw_rad': -1.9329}}","[{'waypoint_id': 0, 'timestamp_ms': 0, 'joint_angles': [2.2942, -1.7929, -0.0162, 1.1949, 2.046, -2.4177], 'ee_position': {'x': 0.0313, 'y': -0.2175, 'z': 0.9318}, 'gripper_width_mm': 39.5, 'gripper_force_n': 9.43}, {'waypoint_id': 1, 'timestamp_ms': 100, 'joint_angles': [2.8804, 2.6905, 0.6061, 0.1847, 0.6973, 0.9803], 'ee_position': {'x': 0.0296, 'y': -0.3548, 'z': 0.8653}, 'gripper_width_mm': 65.5, 'gripper_force_n': 38.82}, {'waypoint_id': 2, 'timestamp_ms': 200, 'joint_angles': [3.0299, -1.3786, -0.0579, -0.0639, 0.3301, 2.293], 'ee_position': {'x': 0.1498, 'y': -0.2717, 'z': 0.9762}, 'gripper_width_mm': 84.4, 'gripper_force_n': 15.57}, {'waypoint_id': 3, 'timestamp_ms': 300, 'joint_angles': [1.5128, -1.854, -2.5244, -1.1486, -0.1813, 0.9316], 'ee_position': {'x': 0.15, 'y': -0.2529, 'z': 0.8987}, 'gripper_width_mm': 64.0, 'gripper_force_n': 42.97}, {'waypoint_id': 4, 'timestamp_ms': 400, 'joint_angles': [2.7956, 1.9377, 1.7912, 1.1354, 1.2292, 2.24], 'ee_position': {'x': 0.1739, 'y': -0.2584, 'z': 0.9833}, 'gripper_width_mm': 69.9, 'gripper_force_n': 29.45}]","{'camera_rgb': {'resolution': [640, 480], 'object_detected': True, 'bounding_box': [108, 188, 88, 132]}, 'depth_camera': {'mean_depth_m': 0.743, 'point_cloud_size': 49701}, 'force_torque': {'fx_n': 7.46, 'fy_n': -2.1, 'fz_n': 19.14, 'tx_nm': 0.453, 'ty_nm': -1.004, 'tz_nm': -0.081}, 'joint_torques': [1.79, -0.59, -0.38, -3.18, -4.55, -4.87]}",2990,True,,True,"{'x_min_m': -0.8, 'x_max_m': 0.8, 'y_min_m': -0.6, 'y_max_m': 0.6, 'z_min_m': 0.0, 'z_max_m': 1.2}",lab,dim,2026-08-08T00:01:52.650354+00:00,synthetic_robotics_simulation,True
ROBO-001732,assembly,parallel_gripper,"{'type': 'washer', 'material': 'rubber', 'mass_kg': 0.063, 'dimensions_cm': {'length': 14.1, 'width': 11.2, 'height': 9.9}}","{'position': {'x': 0.2602, 'y': 0.2087, 'z': 0.57}, 'orientation': {'roll_rad': 1.7888, 'pitch_rad': -1.3789, 'yaw_rad': -3.0346}}","[{'waypoint_id': 0, 'timestamp_ms': 0, 'joint_angles': [1.7955, -1.3865, -0.7044, -2.271, 0.1596, 2.809], 'ee_position': {'x': 0.2262, 'y': 0.1391, 'z': 0.5824}, 'gripper_width_mm': 4.2, 'gripper_force_n': 31.13}, {'waypoint_id': 1, 'timestamp_ms': 100, 'joint_angles': [-3.0314, 0.873, -3.0742, 2.8089, -0.7777, 0.4445], 'ee_position': {'x': 0.2407, 'y': 0.2571, 'z': 0.6352}, 'gripper_width_mm': 60.8, 'gripper_force_n': 2.85}, {'waypoint_id': 2, 'timestamp_ms': 200, 'joint_angles': [1.2662, 2.8895, 2.9469, 0.9828, 0.5786, -2.4945], 'ee_position': {'x': 0.2312, 'y': 0.1589, 'z': 0.7098}, 'gripper_width_mm': 29.2, 'gripper_force_n': 12.24}]","{'camera_rgb': {'resolution': [640, 480], 'object_detected': True, 'bounding_box': [189, 212, 192, 105]}, 'depth_camera': {'mean_depth_m': 0.617, 'point_cloud_size': 36208}, 'force_torque': {'fx_n': 7.96, 'fy_n': -1.52, 'fz_n': 17.26, 'tx_nm': -0.928, 'ty_nm': 1.86, 'tz_nm': 0.793}, 'joint_torques': [-1.63, -2.81, 1.55, -3.17, 0.91, -4.15]}",6034,True,,False,"{'x_min_m': -0.8, 'x_max_m': 0.8, 'y_min_m': -0.6, 'y_max_m': 0.6, 'z_min_m': 0.0, 'z_max_m': 1.2}",factory,ir,2026-08-08T00:01:52.811497+00:00,synthetic_robotics_simulation,True
ROBO-001394,assembly,scara,"{'type': 'motor', 'material': 'glass', 'mass_kg': 4.917, 'dimensions_cm': {'length': 3.5, 'width': 16.2, 'height': 6.6}}","{'position': {'x': -0.388, 'y': 0.2401, 'z': 0.1687}, 'orientation': {'roll_rad': -0.3558, 'pitch_rad': -0.7592, 'yaw_rad': 1.8696}}","[{'waypoint_id': 0, 'timestamp_ms': 0, 'joint_angles': [-2.2828, 3.0514, 0.1925, -2.945, -0.1397, -0.3694], 'ee_position': {'x': -0.364, 'y': 0.2675, 'z': 0.2852}, 'gripper_width_mm': 17.7, 'gripper_force_n': 21.57}, {'waypoint_id': 1, 'timestamp_ms': 100, 'joint_angles': [2.1656, -1.1456, -2.3644, 1.3697, 3.0558, -0.3162], 'ee_position': {'x': -0.4106, 'y': 0.2886, 'z': 0.1736}, 'gripper_width_mm': 26.2, 'gripper_force_n': 13.86}, {'waypoint_id': 2, 'timestamp_ms': 200, 'joint_angles': [2.4364, -1.6007, 1.6656, 3.0692, 1.9285, 1.1792], 'ee_position': {'x': -0.3067, 'y': 0.2894, 'z': 0.3627}, 'gripper_width_mm': 82.1, 'gripper_force_n': 14.71}, {'waypoint_id': 3, 'timestamp_ms': 300, 'joint_angles': [0.6944, -0.3703, 0.4307, -2.0437, 1.9084, -1.4042], 'ee_position': {'x': -0.3442, 'y': 0.2105, 'z': 0.3471}, 'gripper_width_mm': 58.3, 'gripper_force_n': 7.53}, {'waypoint_id': 4, 'timestamp_ms': 400, 'joint_angles': [-2.0842, -0.2194, -1.7167, -1.745, 0.6401, 1.8965], 'ee_position': {'x': -0.4611, 'y': 0.1662, 'z': 0.2763}, 'gripper_width_mm': 60.5, 'gripper_force_n': 41.95}, {'waypoint_id': 5, 'timestamp_ms': 500, 'joint_angles': [-1.4364, -2.0327, -0.8198, 1.1767, -0.6773, 1.1097], 'ee_position': {'x': -0.3095, 'y': 0.1542, 'z': 0.2507}, 'gripper_width_mm': 41.5, 'gripper_force_n': 16.32}]","{'camera_rgb': {'resolution': [640, 480], 'object_detected': True, 'bounding_box': [128, 232, 161, 67]}, 'depth_camera': {'mean_depth_m': 0.151, 'point_cloud_size': 36456}, 'force_torque': {'fx_n': 4.15, 'fy_n': 6.11, 'fz_n': -2.58, 'tx_nm': 0.581, 'ty_nm': 0.941, 'tz_nm': 0.697}, 'joint_torques': [4.51, -1.62, 2.47, 0.13, -2.73, -0.49]}",7597,True,,False,"{'x_min_m': -0.8, 'x_max_m': 0.8, 'y_min_m': -0.6, 'y_max_m': 0.6, 'z_min_m': 0.0, 'z_max_m': 1.2}",kitchen,ir,2026-08-08T00:01:52.758418+00:00,synthetic_robotics_simulation,True
ROBO-001139,palletizing,scara,"{'type': 'motor', 'material': 'plastic_abs', 'mass_kg': 2.712, 'dimensions_cm': {'length': 25.1, 'width': 2.2, 'height': 1.7}}","{'position': {'x': -0.35, 'y': -0.2743, 'z': 0.57}, 'orientation': {'roll_rad': -0.4868, 'pitch_rad': -0.8406, 'yaw_rad': -2.3583}}","[{'waypoint_id': 0, 'timestamp_ms': 0, 'joint_angles': [-0.0905, 0.2426, 0.785, 1.3929, -2.3814, -0.1216], 'ee_position': {'x': -0.3272, 'y': -0.2842, 'z': 0.7142}, 'gripper_width_mm': 62.5, 'gripper_force_n': 43.36}, {'waypoint_id': 1, 'timestamp_ms': 100, 'joint_angles': [-2.5238, -2.5292, 1.2981, -2.0658, 0.6746, -1.7649], 'ee_position': {'x': -0.2916, 'y': -0.3118, 'z': 0.7473}, 'gripper_width_mm': 69.2, 'gripper_force_n': 34.45}, {'waypoint_id': 2, 'timestamp_ms': 200, 'joint_angles': [-1.9948, -0.5252, 2.0036, -1.2165, -0.1231, 2.4581], 'ee_position': {'x': -0.3683, 'y': -0.2277, 'z': 0.6749}, 'gripper_width_mm': 45.0, 'gripper_force_n': 29.53}, {'waypoint_id': 3, 'timestamp_ms': 300, 'joint_angles': [1.0205, -1.3374, -2.7612, -0.6147, 2.2258, 2.2825], 'ee_position': {'x': -0.2665, 'y': -0.3019, 'z': 0.6011}, 'gripper_width_mm': 20.8, 'gripper_force_n': 4.47}, {'waypoint_id': 4, 'timestamp_ms': 400, 'joint_angles': [-2.1518, -2.1641, -2.8985, -1.2695, -2.443, 1.2717], 'ee_position': {'x': -0.3308, 'y': -0.2111, 'z': 0.7411}, 'gripper_width_mm': 59.5, 'gripper_force_n': 41.19}]","{'camera_rgb': {'resolution': [640, 480], 'object_detected': True, 'bounding_box': [138, 289, 173, 132]}, 'depth_camera': {'mean_depth_m': 0.603, 'point_cloud_size': 3474}, 'force_torque': {'fx_n': -0.45, 'fy_n': -7.41, 'fz_n': -2.52, 'tx_nm': -1.31, 'ty_nm': 0.656, 'tz_nm': 0.521}, 'joint_torques': [1.06, 1.82, 0.79, 0.25, 4.81, 3.94]}",6238,True,,False,"{'x_min_m': -0.8, 'x_max_m': 0.8, 'y_min_m': -0.6, 'y_max_m': 0.6, 'z_min_m': 0.0, 'z_max_m': 1.2}",factory,bright,2026-08-08T00:01:52.703410+00:00,synthetic_robotics_simulation,True
ROBO-000637,assembly,delta,"{'type': 'cone', 'material': 'wood', 'mass_kg': 3.989, 'dimensions_cm': {'length': 18.1, 'width': 13.5, 'height': 7.4}}","{'position': {'x': -0.0447, 'y': -0.1256, 'z': 0.6406}, 'orientation': {'roll_rad': -2.3742, 'pitch_rad': 1.0784, 'yaw_rad': 0.675}}","[{'waypoint_id': 0, 'timestamp_ms': 0, 'joint_angles': [2.7429, -0.4102, 1.3351, -0.894, -2.6946, 2.5086], 'ee_position': {'x': -0.0345, 'y': -0.2002, 'z': 0.8367}, 'gripper_width_mm': 44.0, 'gripper_force_n': 42.41}, {'waypoint_id': 1, 'timestamp_ms': 100, 'joint_angles': [-0.9602, -0.1467, -0.3858, -2.7495, -2.2036, -0.5992], 'ee_position': {'x': -0.0989, 'y': -0.1087, 'z': 0.6654}, 'gripper_width_mm': 21.8, 'gripper_force_n': 35.35}, {'waypoint_id': 2, 'timestamp_ms': 200, 'joint_angles': [1.4102, 0.7733, -2.3131, 0.0716, 0.9332, -0.9605], 'ee_position': {'x': -0.0059, 'y': -0.1192, 'z': 0.8374}, 'gripper_width_mm': 65.0, 'gripper_force_n': 4.43}, {'waypoint_id': 3, 'timestamp_ms': 300, 'joint_angles': [-1.7376, 0.1333, 1.3683, -2.0165, -3.1205, -0.1324], 'ee_position': {'x': 0.0227, 'y': -0.2148, 'z': 0.6916}, 'gripper_width_mm': 70.9, 'gripper_force_n': 19.51}, {'waypoint_id': 4, 'timestamp_ms': 400, 'joint_angles': [-2.1748, 0.5563, 0.2678, -1.6811, -2.5322, -1.8695], 'ee_position': {'x': -0.0668, 'y': -0.1585, 'z': 0.8047}, 'gripper_width_mm': 34.8, 'gripper_force_n': 26.43}, {'waypoint_id': 5, 'timestamp_ms': 500, 'joint_angles': [-3.001, 2.3736, -1.7011, 0.9551, 2.3706, -3.0694], 'ee_position': {'x': 0.0167, 'y': -0.0845, 'z': 0.7177}, 'gripper_width_mm': 78.9, 'gripper_force_n': 24.94}, {'waypoint_id': 6, 'timestamp_ms': 600, 'joint_angles': [-0.7124, -0.3367, -2.1398, -2.9253, 2.8422, 1.6208], 'ee_position': {'x': -0.1357, 'y': -0.2058, 'z': 0.685}, 'gripper_width_mm': 30.8, 'gripper_force_n': 17.63}, {'waypoint_id': 7, 'timestamp_ms': 700, 'joint_angles': [2.8629, 2.7599, 1.6669, 3.0734, 0.15, -0.3447], 'ee_position': {'x': -0.0833, 'y': -0.0536, 'z': 0.7064}, 'gripper_width_mm': 2.7, 'gripper_force_n': 43.14}, {'waypoint_id': 8, 'timestamp_ms': 800, 'joint_angles': [-1.6772, 0.5071, -1.4299, -0.0657, 1.7926, -0.305], 'ee_position': {'x': -0.0412, 'y': -0.0775, 'z': 0.7583}, 'gripper_width_mm': 74.1, 'gripper_force_n': 11.09}, {'waypoint_id': 9, 'timestamp_ms': 900, 'joint_angles': [-2.2552, 0.1766, 1.6944, -2.1033, 2.8106, 0.2586], 'ee_position': {'x': 0.0538, 'y': -0.077, 'z': 0.7378}, 'gripper_width_mm': 70.8, 'gripper_force_n': 47.61}]","{'camera_rgb': {'resolution': [640, 480], 'object_detected': True, 'bounding_box': [160, 220, 88, 139]}, 'depth_camera': {'mean_depth_m': 0.591, 'point_cloud_size': 47325}, 'force_torque': {'fx_n': -7.36, 'fy_n': -5.13, 'fz_n': 19.28, 'tx_nm': 1.237, 'ty_nm': 0.997, 'tz_nm': -0.98}, 'joint_torques': [2.25, 3.97, -0.19, -0.75, -2.96, -0.11]}",3429,False,force_limit,False,"{'x_min_m': -0.8, 'x_max_m': 0.8, 'y_min_m': -0.6, 'y_max_m': 0.6, 'z_min_m': 0.0, 'z_max_m': 1.2}",lab,uv,2026-08-08T00:01:52.649357+00:00,synthetic_robotics_simulation,True
ROBO-000882,quality_check,vacuum_gripper,"{'type': 'chip_package', 'material': 'steel', 'mass_kg': 3.241, 'dimensions_cm': {'length': 22.7, 'width': 7.2, 'height': 6.9}}","{'position': {'x': 0.23, 'y': 0.0822, 'z': 0.3309}, 'orientation': {'roll_rad': -2.1535, 'pitch_rad': -1.5151, 'yaw_rad': 0.1884}}","[{'waypoint_id': 0, 'timestamp_ms': 0, 'joint_angles': [-2.788, -2.1387, -1.2752, -2.0757, 1.1452, 1.1974], 'ee_position': {'x': 0.2878, 'y': 0.1726, 'z': 0.3713}, 'gripper_width_mm': 38.4, 'gripper_force_n': 11.78}, {'waypoint_id': 1, 'timestamp_ms': 100, 'joint_angles': [0.8779, -1.8585, 1.856, -0.8194, 1.7759, 1.1016], 'ee_position': {'x': 0.2479, 'y': -0.0146, 'z': 0.403}, 'gripper_width_mm': 48.0, 'gripper_force_n': 46.92}, {'waypoint_id': 2, 'timestamp_ms': 200, 'joint_angles': [-1.3588, 0.3371, -0.381, 1.6258, 0.2253, -2.4929], 'ee_position': {'x': 0.157, 'y': 0.0808, 'z': 0.5097}, 'gripper_width_mm': 68.5, 'gripper_force_n': 31.07}]","{'camera_rgb': {'resolution': [640, 480], 'object_detected': True, 'bounding_box': [120, 233, 148, 103]}, 'depth_camera': {'mean_depth_m': 0.311, 'point_cloud_size': 39948}, 'force_torque': {'fx_n': 5.0, 'fy_n': -3.55, 'fz_n': 7.37, 'tx_nm': -1.32, 'ty_nm': -1.663, 'tz_nm': -0.56}, 'joint_torques': [-4.78, 3.82, -0.83, 1.01, 0.16, -1.22]}",7824,True,,False,"{'x_min_m': -0.8, 'x_max_m': 0.8, 'y_min_m': -0.6, 'y_max_m': 0.6, 'z_min_m': 0.0, 'z_max_m': 1.2}",lab,uv,2026-08-08T00:01:52.675413+00:00,synthetic_robotics_simulation,True
ROBO-001379,pick_and_place,cobot,"{'type': 'chip_package', 'material': 'wood', 'mass_kg': 3.315, 'dimensions_cm': {'length': 19.3, 'width': 10.0, 'height': 12.4}}","{'position': {'x': -0.1397, 'y': 0.2508, 'z': 0.1672}, 'orientation': {'roll_rad': -2.4052, 'pitch_rad': -1.006, 'yaw_rad': -1.3465}}","[{'waypoint_id': 0, 'timestamp_ms': 0, 'joint_angles': [1.9107, -1.6597, -2.7094, 1.9802, 2.7315, -2.273], 'ee_position': {'x': -0.0917, 'y': 0.274, 'z': 0.2289}, 'gripper_width_mm': 14.3, 'gripper_force_n': 27.38}, {'waypoint_id': 1, 'timestamp_ms': 100, 'joint_angles': [-1.1126, 0.6444, 2.7752, -0.7482, 2.5102, -1.5245], 'ee_position': {'x': -0.2105, 'y': 0.2144, 'z': 0.2945}, 'gripper_width_mm': 14.4, 'gripper_force_n': 47.95}, {'waypoint_id': 2, 'timestamp_ms': 200, 'joint_angles': [1.0229, 2.6625, -2.1512, -0.7796, -1.6116, 0.064], 'ee_position': {'x': -0.172, 'y': 0.257, 'z': 0.2267}, 'gripper_width_mm': 53.6, 'gripper_force_n': 46.7}, {'waypoint_id': 3, 'timestamp_ms': 300, 'joint_angles': [0.9025, 3.0052, -0.1545, -2.4119, -2.4511, 0.0441], 'ee_position': {'x': -0.0564, 'y': 0.1604, 'z': 0.2284}, 'gripper_width_mm': 59.4, 'gripper_force_n': 6.25}, {'waypoint_id': 4, 'timestamp_ms': 400, 'joint_angles': [-2.7619, 0.3077, -2.991, -0.6465, 0.4045, 0.1338], 'ee_position': {'x': -0.1015, 'y': 0.1712, 'z': 0.3445}, 'gripper_width_mm': 73.6, 'gripper_force_n': 0.31}, {'waypoint_id': 5, 'timestamp_ms': 500, 'joint_angles': [-2.7294, -2.2267, 0.1226, 2.6953, -2.0464, 0.2172], 'ee_position': {'x': -0.1155, 'y': 0.3317, 'z': 0.3433}, 'gripper_width_mm': 8.2, 'gripper_force_n': 39.85}]","{'camera_rgb': {'resolution': [640, 480], 'object_detected': True, 'bounding_box': [161, 210, 70, 145]}, 'depth_camera': {'mean_depth_m': 0.148, 'point_cloud_size': 18719}, 'force_torque': {'fx_n': 4.09, 'fy_n': 8.36, 'fz_n': -0.73, 'tx_nm': 0.823, 'ty_nm': 1.197, 'tz_nm': 0.141}, 'joint_torques': [3.92, 3.89, -4.07, 2.79, -4.47, -1.51]}",3797,True,,False,"{'x_min_m': -0.8, 'x_max_m': 0.8, 'y_min_m': -0.6, 'y_max_m': 0.6, 'z_min_m': 0.0, 'z_max_m': 1.2}",lab,ir,2026-08-08T00:01:52.757417+00:00,synthetic_robotics_simulation,True
ROBO-000419,surface_cleaning,humanoid,"{'type': 'can', 'material': 'plastic_abs', 'mass_kg': 1.579, 'dimensions_cm': {'length': 16.8, 'width': 4.9, 'height': 12.1}}","{'position': {'x': 0.029, 'y': 0.4944, 'z': 0.2333}, 'orientation': {'roll_rad': -0.177, 'pitch_rad': 0.6927, 'yaw_rad': 1.2321}}","[{'waypoint_id': 0, 'timestamp_ms': 0, 'joint_angles': [-1.637, -1.4576, -0.6886, 0.9829, -2.6992, 1.0922], 'ee_position': {'x': 0.1086, 'y': 0.4828, 'z': 0.3817}, 'gripper_width_mm': 28.2, 'gripper_force_n': 25.54}, {'waypoint_id': 1, 'timestamp_ms': 100, 'joint_angles': [0.3631, -1.628, 0.6876, 2.189, -1.1835, -1.979], 'ee_position': {'x': 0.0303, 'y': 0.5452, 'z': 0.2719}, 'gripper_width_mm': 60.1, 'gripper_force_n': 6.5}, {'waypoint_id': 2, 'timestamp_ms': 200, 'joint_angles': [1.5718, -0.5011, 1.3289, 0.091, -0.8139, -0.647], 'ee_position': {'x': 0.1269, 'y': 0.4563, 'z': 0.4285}, 'gripper_width_mm': 68.3, 'gripper_force_n': 9.51}, {'waypoint_id': 3, 'timestamp_ms': 300, 'joint_angles': [-3.0512, -1.0964, -0.318, -0.3034, -0.3339, 1.7863], 'ee_position': {'x': 0.0841, 'y': 0.4582, 'z': 0.3462}, 'gripper_width_mm': 83.3, 'gripper_force_n': 18.67}, {'waypoint_id': 4, 'timestamp_ms': 400, 'joint_angles': [0.3163, -0.4625, 2.1213, -2.2026, -1.6634, -1.908], 'ee_position': {'x': -0.0396, 'y': 0.4189, 'z': 0.4044}, 'gripper_width_mm': 23.5, 'gripper_force_n': 11.19}, {'waypoint_id': 5, 'timestamp_ms': 500, 'joint_angles': [-1.8357, -1.7649, 1.8957, -0.7245, 1.8805, -0.3], 'ee_position': {'x': -0.0243, 'y': 0.4889, 'z': 0.4135}, 'gripper_width_mm': 31.4, 'gripper_force_n': 0.8}, {'waypoint_id': 6, 'timestamp_ms': 600, 'joint_angles': [1.8631, -0.9635, 2.1209, -1.0904, -3.1077, -0.2784], 'ee_position': {'x': -0.0499, 'y': 0.4993, 'z': 0.3892}, 'gripper_width_mm': 34.3, 'gripper_force_n': 33.73}]","{'camera_rgb': {'resolution': [640, 480], 'object_detected': True, 'bounding_box': [350, 150, 143, 79]}, 'depth_camera': {'mean_depth_m': 0.226, 'point_cloud_size': 3115}, 'force_torque': {'fx_n': 1.89, 'fy_n': -5.12, 'fz_n': -1.78, 'tx_nm': 1.23, 'ty_nm': -0.699, 'tz_nm': 0.674}, 'joint_torques': [0.67, 3.51, 0.1, 3.46, -3.66, -1.58]}",2194,True,,False,"{'x_min_m': -0.8, 'x_max_m': 0.8, 'y_min_m': -0.6, 'y_max_m': 0.6, 'z_min_m': 0.0, 'z_max_m': 1.2}",factory,ir,2026-08-08T00:01:52.615343+00:00,synthetic_robotics_simulation,True
ROBO-000380,assembly,cobot,"{'type': 'chip_package', 'material': 'wood', 'mass_kg': 3.291, 'dimensions_cm': {'length': 2.8, 'width': 19.0, 'height': 5.9}}","{'position': {'x': -0.1496, 'y': -0.268, 'z': 0.3296}, 'orientation': {'roll_rad': -2.8605, 'pitch_rad': 0.6192, 'yaw_rad': 0.2435}}","[{'waypoint_id': 0, 'timestamp_ms': 0, 'joint_angles': [0.769, 0.755, 0.1864, -1.5588, 0.84, -2.8707], 'ee_position': {'x': -0.2286, 'y': -0.2961, 'z': 0.3972}, 'gripper_width_mm': 29.8, 'gripper_force_n': 1.95}, {'waypoint_id': 1, 'timestamp_ms': 100, 'joint_angles': [-1.923, -1.2151, -0.9215, 1.46, 1.9103, 2.7346], 'ee_position': {'x': -0.2442, 'y': -0.2689, 'z': 0.5059}, 'gripper_width_mm': 84.8, 'gripper_force_n': 0.93}, {'waypoint_id': 2, 'timestamp_ms': 200, 'joint_angles': [-1.5551, 1.1539, -1.2172, 2.3643, 1.1631, -2.1493], 'ee_position': {'x': -0.0507, 'y': -0.3264, 'z': 0.3826}, 'gripper_width_mm': 15.6, 'gripper_force_n': 2.61}, {'waypoint_id': 3, 'timestamp_ms': 300, 'joint_angles': [0.7372, -0.9496, -0.3507, -2.6182, 1.059, -0.7202], 'ee_position': {'x': -0.2462, 'y': -0.317, 'z': 0.5043}, 'gripper_width_mm': 48.2, 'gripper_force_n': 17.48}, {'waypoint_id': 4, 'timestamp_ms': 400, 'joint_angles': [2.0271, 2.3835, -1.543, 0.9347, 0.89, -1.283], 'ee_position': {'x': -0.2338, 'y': -0.2504, 'z': 0.4615}, 'gripper_width_mm': 71.7, 'gripper_force_n': 19.9}, {'waypoint_id': 5, 'timestamp_ms': 500, 'joint_angles': [-0.9858, 0.4276, -2.2409, 0.576, 0.1621, -2.2021], 'ee_position': {'x': -0.1705, 'y': -0.3213, 'z': 0.4297}, 'gripper_width_mm': 48.4, 'gripper_force_n': 18.41}, {'waypoint_id': 6, 'timestamp_ms': 600, 'joint_angles': [1.4747, 2.1253, -3.0389, 2.4235, 2.9359, -2.6356], 'ee_position': {'x': -0.0575, 'y': -0.3117, 'z': 0.4905}, 'gripper_width_mm': 14.6, 'gripper_force_n': 25.64}, {'waypoint_id': 7, 'timestamp_ms': 700, 'joint_angles': [-1.0056, -1.9074, -1.2089, 1.2444, -0.4062, 1.4065], 'ee_position': {'x': -0.1292, 'y': -0.25, 'z': 0.4224}, 'gripper_width_mm': 37.3, 'gripper_force_n': 13.27}]","{'camera_rgb': {'resolution': [640, 480], 'object_detected': True, 'bounding_box': [177, 276, 169, 131]}, 'depth_camera': {'mean_depth_m': 0.349, 'point_cloud_size': 17279}, 'force_torque': {'fx_n': -2.74, 'fy_n': 6.91, 'fz_n': 6.04, 'tx_nm': 0.8, 'ty_nm': 0.184, 'tz_nm': 0.552}, 'joint_torques': [0.65, 2.88, -4.77, 4.22, 4.25, -3.12]}",6050,True,,False,"{'x_min_m': -0.8, 'x_max_m': 0.8, 'y_min_m': -0.6, 'y_max_m': 0.6, 'z_min_m': 0.0, 'z_max_m': 1.2}",factory,variable,2026-08-08T00:01:52.584341+00:00,synthetic_robotics_simulation,True
ROBO-001557,inspection,vacuum_gripper,"{'type': 'washer', 'material': 'ceramic', 'mass_kg': 4.729, 'dimensions_cm': {'length': 15.9, 'width': 11.9, 'height': 13.9}}","{'position': {'x': 0.2496, 'y': -0.2973, 'z': 0.1624}, 'orientation': {'roll_rad': -2.5382, 'pitch_rad': 0.6182, 'yaw_rad': -0.0255}}","[{'waypoint_id': 0, 'timestamp_ms': 0, 'joint_angles': [-0.0656, -0.6014, 3.0027, 3.0996, -2.2858, 2.9799], 'ee_position': {'x': 0.2465, 'y': -0.2125, 'z': 0.2909}, 'gripper_width_mm': 81.4, 'gripper_force_n': 13.14}, {'waypoint_id': 1, 'timestamp_ms': 100, 'joint_angles': [1.7907, -0.2831, 0.7693, -0.9384, -0.3856, 0.1728], 'ee_position': {'x': 0.3427, 'y': -0.2784, 'z': 0.3183}, 'gripper_width_mm': 33.5, 'gripper_force_n': 15.87}, {'waypoint_id': 2, 'timestamp_ms': 200, 'joint_angles': [0.1672, 1.4522, 1.2862, 3.0443, 1.9659, -1.0063], 'ee_position': {'x': 0.2604, 'y': -0.2981, 'z': 0.2029}, 'gripper_width_mm': 34.9, 'gripper_force_n': 23.27}, {'waypoint_id': 3, 'timestamp_ms': 300, 'joint_angles': [2.0256, -0.7181, -1.5494, 1.3787, -0.7727, 1.7631], 'ee_position': {'x': 0.2226, 'y': -0.3882, 'z': 0.3226}, 'gripper_width_mm': 15.8, 'gripper_force_n': 45.86}, {'waypoint_id': 4, 'timestamp_ms': 400, 'joint_angles': [2.0583, 0.2301, -3.1031, 0.3545, 2.551, 0.1014], 'ee_position': {'x': 0.176, 'y': -0.3466, 'z': 0.2176}, 'gripper_width_mm': 60.4, 'gripper_force_n': 7.56}, {'waypoint_id': 5, 'timestamp_ms': 500, 'joint_angles': [-1.4359, -2.6174, -1.699, -0.2298, -2.0237, 1.2212], 'ee_position': {'x': 0.2413, 'y': -0.2274, 'z': 0.2529}, 'gripper_width_mm': 26.2, 'gripper_force_n': 34.51}, {'waypoint_id': 6, 'timestamp_ms': 600, 'joint_angles': [-0.9622, 1.9585, 0.601, 1.1662, 2.3891, -1.4623], 'ee_position': {'x': 0.3467, 'y': -0.2014, 'z': 0.2895}, 'gripper_width_mm': 21.4, 'gripper_force_n': 38.49}, {'waypoint_id': 7, 'timestamp_ms': 700, 'joint_angles': [0.6456, -1.0336, 1.9707, 1.7799, 0.9838, -1.2202], 'ee_position': {'x': 0.2766, 'y': -0.2328, 'z': 0.1638}, 'gripper_width_mm': 76.6, 'gripper_force_n': 3.87}]","{'camera_rgb': {'resolution': [640, 480], 'object_detected': True, 'bounding_box': [121, 160, 52, 140]}, 'depth_camera': {'mean_depth_m': 0.202, 'point_cloud_size': 2923}, 'force_torque': {'fx_n': 2.83, 'fy_n': -3.96, 'fz_n': 12.62, 'tx_nm': 0.419, 'ty_nm': -1.709, 'tz_nm': 0.575}, 'joint_torques': [-4.93, 4.29, 3.3, -0.38, 2.4, 0.98]}",6855,True,,True,"{'x_min_m': -0.8, 'x_max_m': 0.8, 'y_min_m': -0.6, 'y_max_m': 0.6, 'z_min_m': 0.0, 'z_max_m': 1.2}",warehouse,dim,2026-08-08T00:01:52.776496+00:00,synthetic_robotics_simulation,True
ROBO-000397,packaging,magnetic_gripper,"{'type': 'bottle', 'material': 'ceramic', 'mass_kg': 1.11, 'dimensions_cm': {'length': 26.4, 'width': 1.1, 'height': 2.0}}","{'position': {'x': 0.1751, 'y': -0.4651, 'z': 0.22}, 'orientation': {'roll_rad': 2.49, 'pitch_rad': 0.9173, 'yaw_rad': 1.0852}}","[{'waypoint_id': 0, 'timestamp_ms': 0, 'joint_angles': [-2.1711, -1.6135, 0.0078, 1.1094, 0.2242, -2.2717], 'ee_position': {'x': 0.215, 'y': -0.4865, 'z': 0.355}, 'gripper_width_mm': 27.2, 'gripper_force_n': 24.04}, {'waypoint_id': 1, 'timestamp_ms': 100, 'joint_angles': [-0.2108, -3.0483, -0.7214, 2.7689, 2.4782, -2.6495], 'ee_position': {'x': 0.1948, 'y': -0.403, 'z': 0.3366}, 'gripper_width_mm': 40.9, 'gripper_force_n': 14.68}, {'waypoint_id': 2, 'timestamp_ms': 200, 'joint_angles': [1.6023, -2.1699, -1.9952, -0.0681, -2.2868, -2.8344], 'ee_position': {'x': 0.1522, 'y': -0.39, 'z': 0.2396}, 'gripper_width_mm': 39.9, 'gripper_force_n': 3.24}, {'waypoint_id': 3, 'timestamp_ms': 300, 'joint_angles': [1.9667, 2.9317, -1.858, -0.764, 0.9274, -0.0565], 'ee_position': {'x': 0.198, 'y': -0.5117, 'z': 0.2705}, 'gripper_width_mm': 68.1, 'gripper_force_n': 1.26}, {'waypoint_id': 4, 'timestamp_ms': 400, 'joint_angles': [1.2601, 1.0758, -0.5895, -2.7857, 0.1043, -2.274], 'ee_position': {'x': 0.2707, 'y': -0.4065, 'z': 0.2407}, 'gripper_width_mm': 73.8, 'gripper_force_n': 45.18}]","{'camera_rgb': {'resolution': [640, 480], 'object_detected': True, 'bounding_box': [186, 229, 61, 122]}, 'depth_camera': {'mean_depth_m': 0.217, 'point_cloud_size': 26037}, 'force_torque': {'fx_n': 0.98, 'fy_n': -9.3, 'fz_n': -2.68, 'tx_nm': -0.813, 'ty_nm': -1.511, 'tz_nm': -0.777}, 'joint_torques': [-3.38, 1.27, 4.55, -0.43, 4.7, -0.36]}",5730,False,timeout,False,"{'x_min_m': -0.8, 'x_max_m': 0.8, 'y_min_m': -0.6, 'y_max_m': 0.6, 'z_min_m': 0.0, 'z_max_m': 1.2}",kitchen,ir,2026-08-08T00:01:52.587341+00:00,synthetic_robotics_simulation,True
ROBO-001471,quality_check,magnetic_gripper,"{'type': 'nut', 'material': 'aluminum', 'mass_kg': 4.941, 'dimensions_cm': {'length': 16.9, 'width': 13.5, 'height': 9.6}}","{'position': {'x': -0.4026, 'y': -0.0674, 'z': 0.276}, 'orientation': {'roll_rad': -2.2062, 'pitch_rad': -0.0389, 'yaw_rad': -2.1965}}","[{'waypoint_id': 0, 'timestamp_ms': 0, 'joint_angles': [2.0277, 0.69, 1.3053, -2.3975, 3.0093, 1.9953], 'ee_position': {'x': -0.4379, 'y': -0.1608, 'z': 0.3806}, 'gripper_width_mm': 61.7, 'gripper_force_n': 41.33}, {'waypoint_id': 1, 'timestamp_ms': 100, 'joint_angles': [1.6399, -1.8254, 1.9868, -0.3504, -2.4013, 1.8653], 'ee_position': {'x': -0.4551, 'y': -0.0905, 'z': 0.3985}, 'gripper_width_mm': 20.6, 'gripper_force_n': 29.13}, {'waypoint_id': 2, 'timestamp_ms': 200, 'joint_angles': [-2.6605, 2.3746, 3.1026, 0.5183, -2.1451, -2.0384], 'ee_position': {'x': -0.4917, 'y': -0.0379, 'z': 0.369}, 'gripper_width_mm': 11.5, 'gripper_force_n': 26.77}, {'waypoint_id': 3, 'timestamp_ms': 300, 'joint_angles': [1.6861, -3.0886, 3.0375, -2.6794, -1.4886, -1.233], 'ee_position': {'x': -0.4762, 'y': -0.1204, 'z': 0.4556}, 'gripper_width_mm': 28.2, 'gripper_force_n': 19.88}, {'waypoint_id': 4, 'timestamp_ms': 400, 'joint_angles': [1.9238, 0.2425, -2.3714, -1.9245, 1.1043, -1.4577], 'ee_position': {'x': -0.3951, 'y': -0.0126, 'z': 0.4698}, 'gripper_width_mm': 10.0, 'gripper_force_n': 4.48}, {'waypoint_id': 5, 'timestamp_ms': 500, 'joint_angles': [3.0472, 0.5445, -2.4152, -1.6018, -0.5209, 2.1395], 'ee_position': {'x': -0.4017, 'y': -0.0881, 'z': 0.2952}, 'gripper_width_mm': 17.2, 'gripper_force_n': 35.55}, {'waypoint_id': 6, 'timestamp_ms': 600, 'joint_angles': [1.9158, 0.2567, 1.8125, 0.5241, -1.4315, -1.8241], 'ee_position': {'x': -0.3078, 'y': -0.1438, 'z': 0.4175}, 'gripper_width_mm': 74.4, 'gripper_force_n': 22.0}, {'waypoint_id': 7, 'timestamp_ms': 700, 'joint_angles': [-1.1599, -1.8117, 1.4454, -0.482, -2.048, -2.0566], 'ee_position': {'x': -0.406, 'y': -0.0023, 'z': 0.4598}, 'gripper_width_mm': 49.4, 'gripper_force_n': 43.22}, {'waypoint_id': 8, 'timestamp_ms': 800, 'joint_angles': [0.0302, 1.3019, -0.0553, -3.1293, 1.7864, 2.286], 'ee_position': {'x': -0.3283, 'y': 0.0124, 'z': 0.4695}, 'gripper_width_mm': 63.0, 'gripper_force_n': 11.97}, {'waypoint_id': 9, 'timestamp_ms': 900, 'joint_angles': [2.1275, -0.9942, 2.8541, 1.8737, -0.5787, 0.5862], 'ee_position': {'x': -0.474, 'y': -0.036, 'z': 0.3592}, 'gripper_width_mm': 1.8, 'gripper_force_n': 50.0}]","{'camera_rgb': {'resolution': [640, 480], 'object_detected': True, 'bounding_box': [320, 145, 50, 146]}, 'depth_camera': {'mean_depth_m': 0.269, 'point_cloud_size': 24390}, 'force_torque': {'fx_n': 0.14, 'fy_n': 1.93, 'fz_n': 18.67, 'tx_nm': -1.231, 'ty_nm': -0.688, 'tz_nm': -0.251}, 'joint_torques': [2.47, -3.06, -2.03, 2.21, 3.69, 3.23]}",7670,True,,False,"{'x_min_m': -0.8, 'x_max_m': 0.8, 'y_min_m': -0.6, 'y_max_m': 0.6, 'z_min_m': 0.0, 'z_max_m': 1.2}",lab,ir,2026-08-08T00:01:52.768498+00:00,synthetic_robotics_simulation,True
ROBO-001409,pick_and_place,vacuum_gripper,"{'type': 'nut', 'material': 'silicone', 'mass_kg': 4.125, 'dimensions_cm': {'length': 22.6, 'width': 18.0, 'height': 6.4}}","{'position': {'x': -0.028, 'y': -0.4095, 'z': 0.5335}, 'orientation': {'roll_rad': -1.6691, 'pitch_rad': -1.0937, 'yaw_rad': 0.918}}","[{'waypoint_id': 0, 'timestamp_ms': 0, 'joint_angles': [0.4181, 2.1941, 1.8551, -2.5985, 2.7217, 0.9204], 'ee_position': {'x': -0.072, 'y': -0.4712, 'z': 0.6319}, 'gripper_width_mm': 12.6, 'gripper_force_n': 38.05}, {'waypoint_id': 1, 'timestamp_ms': 100, 'joint_angles': [1.0222, 2.9415, -1.0864, 2.9186, 0.5902, -1.9569], 'ee_position': {'x': -0.0649, 'y': -0.3951, 'z': 0.6938}, 'gripper_width_mm': 2.8, 'gripper_force_n': 12.09}, {'waypoint_id': 2, 'timestamp_ms': 200, 'joint_angles': [1.2284, -1.3583, -2.2033, -0.7567, 0.4695, 0.2228], 'ee_position': {'x': 0.0524, 'y': -0.3558, 'z': 0.7101}, 'gripper_width_mm': 12.1, 'gripper_force_n': 12.77}, {'waypoint_id': 3, 'timestamp_ms': 300, 'joint_angles': [-1.3741, 0.2182, 2.2319, -2.6378, -1.1798, 1.1009], 'ee_position': {'x': -0.0986, 'y': -0.5078, 'z': 0.716}, 'gripper_width_mm': 60.7, 'gripper_force_n': 45.77}, {'waypoint_id': 4, 'timestamp_ms': 400, 'joint_angles': [0.3248, -3.0653, 2.1696, -1.6558, 2.8527, 2.0821], 'ee_position': {'x': 0.0629, 'y': -0.3857, 'z': 0.7104}, 'gripper_width_mm': 58.4, 'gripper_force_n': 9.38}, {'waypoint_id': 5, 'timestamp_ms': 500, 'joint_angles': [0.8314, -1.3262, -0.2347, -1.2416, -0.7442, -1.518], 'ee_position': {'x': 0.0695, 'y': -0.4448, 'z': 0.7035}, 'gripper_width_mm': 49.7, 'gripper_force_n': 43.9}]","{'camera_rgb': {'resolution': [640, 480], 'object_detected': True, 'bounding_box': [116, 149, 199, 77]}, 'depth_camera': {'mean_depth_m': 0.497, 'point_cloud_size': 22881}, 'force_torque': {'fx_n': -8.91, 'fy_n': 8.17, 'fz_n': 10.65, 'tx_nm': -0.353, 'ty_nm': 0.555, 'tz_nm': 0.162}, 'joint_torques': [-4.91, -1.99, 4.73, 1.06, 1.14, -4.65]}",3919,True,,False,"{'x_min_m': -0.8, 'x_max_m': 0.8, 'y_min_m': -0.6, 'y_max_m': 0.6, 'z_min_m': 0.0, 'z_max_m': 1.2}",kitchen,ir,2026-08-08T00:01:52.760417+00:00,synthetic_robotics_simulation,True
ROBO-002473,welding,mobile_manipulator,"{'type': 'sphere', 'material': 'ceramic', 'mass_kg': 4.023, 'dimensions_cm': {'length': 4.4, 'width': 16.1, 'height': 1.0}}","{'position': {'x': -0.4964, 'y': -0.0267, 'z': 0.5296}, 'orientation': {'roll_rad': -0.7785, 'pitch_rad': 0.8139, 'yaw_rad': -1.2862}}","[{'waypoint_id': 0, 'timestamp_ms': 0, 'joint_angles': [0.2481, 2.3004, -2.9405, 2.044, 2.259, -0.0833], 'ee_position': {'x': -0.5927, 'y': 0.0266, 'z': 0.5726}, 'gripper_width_mm': 6.8, 'gripper_force_n': 16.65}, {'waypoint_id': 1, 'timestamp_ms': 100, 'joint_angles': [2.0612, -2.4587, -2.4425, 0.5698, 2.2217, 2.0843], 'ee_position': {'x': -0.5338, 'y': 0.0527, 'z': 0.6295}, 'gripper_width_mm': 57.9, 'gripper_force_n': 43.92}, {'waypoint_id': 2, 'timestamp_ms': 200, 'joint_angles': [-0.0265, 2.8311, -0.468, 2.8574, -1.5811, -1.6641], 'ee_position': {'x': -0.5593, 'y': -0.1009, 'z': 0.689}, 'gripper_width_mm': 82.6, 'gripper_force_n': 11.08}, {'waypoint_id': 3, 'timestamp_ms': 300, 'joint_angles': [-1.3244, -2.3604, -0.7952, -2.2445, 3.1367, -2.5309], 'ee_position': {'x': -0.5291, 'y': -0.0035, 'z': 0.5941}, 'gripper_width_mm': 43.1, 'gripper_force_n': 12.95}]","{'camera_rgb': {'resolution': [640, 480], 'object_detected': True, 'bounding_box': [152, 131, 70, 109]}, 'depth_camera': {'mean_depth_m': 0.558, 'point_cloud_size': 7677}, 'force_torque': {'fx_n': 7.91, 'fy_n': -0.86, 'fz_n': 1.35, 'tx_nm': -0.271, 'ty_nm': 0.13, 'tz_nm': 0.308}, 'joint_torques': [-2.39, -3.64, -3.59, 1.55, -3.07, 1.86]}",3812,True,,False,"{'x_min_m': -0.8, 'x_max_m': 0.8, 'y_min_m': -0.6, 'y_max_m': 0.6, 'z_min_m': 0.0, 'z_max_m': 1.2}",warehouse,ir,2026-08-08T00:01:52.961027+00:00,synthetic_robotics_simulation,True
ROBO-001084,welding,delta,"{'type': 'cube', 'material': 'plastic_abs', 'mass_kg': 4.911, 'dimensions_cm': {'length': 1.2, 'width': 1.4, 'height': 3.1}}","{'position': {'x': 0.4843, 'y': -0.0031, 'z': 0.7613}, 'orientation': {'roll_rad': -0.1761, 'pitch_rad': -0.5582, 'yaw_rad': -1.6533}}","[{'waypoint_id': 0, 'timestamp_ms': 0, 'joint_angles': [2.331, -0.0708, -1.7003, 0.4413, -1.4547, 2.6292], 'ee_position': {'x': 0.4688, 'y': 0.0063, 'z': 0.9398}, 'gripper_width_mm': 81.5, 'gripper_force_n': 20.7}, {'waypoint_id': 1, 'timestamp_ms': 100, 'joint_angles': [1.244, 2.5146, -1.6849, 0.1294, 3.0292, -0.669], 'ee_position': {'x': 0.4758, 'y': -0.0887, 'z': 0.82}, 'gripper_width_mm': 43.0, 'gripper_force_n': 23.38}, {'waypoint_id': 2, 'timestamp_ms': 200, 'joint_angles': [2.8611, -0.3333, -2.4896, -2.0651, 2.2773, -2.8649], 'ee_position': {'x': 0.5532, 'y': -0.0428, 'z': 0.7688}, 'gripper_width_mm': 60.9, 'gripper_force_n': 26.45}, {'waypoint_id': 3, 'timestamp_ms': 300, 'joint_angles': [1.7908, -1.1521, -2.2683, 1.3227, 2.0558, -1.5359], 'ee_position': {'x': 0.4558, 'y': -0.0327, 'z': 0.7965}, 'gripper_width_mm': 9.1, 'gripper_force_n': 33.96}]","{'camera_rgb': {'resolution': [640, 480], 'object_detected': True, 'bounding_box': [118, 272, 170, 120]}, 'depth_camera': {'mean_depth_m': 0.741, 'point_cloud_size': 17378}, 'force_torque': {'fx_n': -5.51, 'fy_n': -4.11, 'fz_n': 3.61, 'tx_nm': -0.928, 'ty_nm': -0.97, 'tz_nm': 0.545}, 'joint_torques': [1.89, -3.26, 0.38, 0.47, 2.01, 4.76]}",5159,True,,False,"{'x_min_m': -0.8, 'x_max_m': 0.8, 'y_min_m': -0.6, 'y_max_m': 0.6, 'z_min_m': 0.0, 'z_max_m': 1.2}",warehouse,dim,2026-08-08T00:01:52.697413+00:00,synthetic_robotics_simulation,True
ROBO-000178,inspection,vacuum_gripper,"{'type': 'cone', 'material': 'carbon_fiber', 'mass_kg': 4.216, 'dimensions_cm': {'length': 7.3, 'width': 5.8, 'height': 2.7}}","{'position': {'x': 0.119, 'y': -0.005, 'z': 0.0453}, 'orientation': {'roll_rad': -2.8043, 'pitch_rad': 0.1294, 'yaw_rad': 0.697}}","[{'waypoint_id': 0, 'timestamp_ms': 0, 'joint_angles': [1.533, -1.7979, 0.7097, -1.2436, 1.5002, 2.027], 'ee_position': {'x': 0.1611, 'y': 0.0552, 'z': 0.1312}, 'gripper_width_mm': 31.5, 'gripper_force_n': 45.66}, {'waypoint_id': 1, 'timestamp_ms': 100, 'joint_angles': [-2.1244, -0.9371, -2.2755, -3.0516, 2.393, -2.4829], 'ee_position': {'x': 0.0908, 'y': -0.0229, 'z': 0.1771}, 'gripper_width_mm': 16.1, 'gripper_force_n': 18.14}, {'waypoint_id': 2, 'timestamp_ms': 200, 'joint_angles': [-1.8684, 1.6837, -1.8108, -1.6501, -2.2098, 1.7348], 'ee_position': {'x': 0.1162, 'y': -0.0342, 'z': 0.1729}, 'gripper_width_mm': 15.9, 'gripper_force_n': 49.26}, {'waypoint_id': 3, 'timestamp_ms': 300, 'joint_angles': [-2.4457, -2.4822, -0.1307, -1.1703, 3.0093, -1.0786], 'ee_position': {'x': 0.0406, 'y': 0.0479, 'z': 0.0886}, 'gripper_width_mm': 54.6, 'gripper_force_n': 30.65}, {'waypoint_id': 4, 'timestamp_ms': 400, 'joint_angles': [2.4108, -1.847, 1.5853, 2.7986, -0.1058, -2.7234], 'ee_position': {'x': 0.153, 'y': -0.0249, 'z': 0.2028}, 'gripper_width_mm': 10.2, 'gripper_force_n': 40.47}, {'waypoint_id': 5, 'timestamp_ms': 500, 'joint_angles': [0.8288, -1.1705, -1.7816, -0.2174, -2.1678, -1.8265], 'ee_position': {'x': 0.0431, 'y': -0.0352, 'z': 0.0477}, 'gripper_width_mm': 18.6, 'gripper_force_n': 17.89}, {'waypoint_id': 6, 'timestamp_ms': 600, 'joint_angles': [-2.0529, -1.9464, -1.4741, 1.7464, 2.075, 2.6115], 'ee_position': {'x': 0.1031, 'y': -0.0656, 'z': 0.1355}, 'gripper_width_mm': 49.0, 'gripper_force_n': 1.58}, {'waypoint_id': 7, 'timestamp_ms': 700, 'joint_angles': [-1.1034, 1.4956, 1.9554, 2.493, 1.3912, 1.6421], 'ee_position': {'x': 0.0459, 'y': 0.0301, 'z': 0.0637}, 'gripper_width_mm': 32.0, 'gripper_force_n': 44.91}]","{'camera_rgb': {'resolution': [640, 480], 'object_detected': True, 'bounding_box': [302, 262, 79, 87]}, 'depth_camera': {'mean_depth_m': 0.064, 'point_cloud_size': 40759}, 'force_torque': {'fx_n': 3.86, 'fy_n': 8.74, 'fz_n': -2.76, 'tx_nm': -0.246, 'ty_nm': -1.984, 'tz_nm': 0.392}, 'joint_torques': [-1.71, -3.08, -2.56, 4.2, 3.14, 2.78]}",7377,False,slippage,False,"{'x_min_m': -0.8, 'x_max_m': 0.8, 'y_min_m': -0.6, 'y_max_m': 0.6, 'z_min_m': 0.0, 'z_max_m': 1.2}",factory,variable,2026-08-08T00:01:52.533817+00:00,synthetic_robotics_simulation,True
ROBO-001882,packaging,scara,"{'type': 'gear', 'material': 'ceramic', 'mass_kg': 1.919, 'dimensions_cm': {'length': 2.3, 'width': 3.6, 'height': 9.8}}","{'position': {'x': -0.4273, 'y': 0.221, 'z': 0.1606}, 'orientation': {'roll_rad': -1.5896, 'pitch_rad': -0.8049, 'yaw_rad': 0.9894}}","[{'waypoint_id': 0, 'timestamp_ms': 0, 'joint_angles': [-2.847, -1.3667, 2.2162, 3.0428, -2.6398, 0.338], 'ee_position': {'x': -0.4597, 'y': 0.2954, 'z': 0.3349}, 'gripper_width_mm': 65.4, 'gripper_force_n': 41.12}, {'waypoint_id': 1, 'timestamp_ms': 100, 'joint_angles': [-2.4641, -2.0583, -2.32, 0.979, -2.5471, -0.3382], 'ee_position': {'x': -0.4118, 'y': 0.1897, 'z': 0.2095}, 'gripper_width_mm': 25.7, 'gripper_force_n': 19.44}, {'waypoint_id': 2, 'timestamp_ms': 200, 'joint_angles': [0.5236, 1.3475, 2.3164, -1.0676, -0.2745, -0.7535], 'ee_position': {'x': -0.4753, 'y': 0.3095, 'z': 0.186}, 'gripper_width_mm': 82.7, 'gripper_force_n': 47.93}, {'waypoint_id': 3, 'timestamp_ms': 300, 'joint_angles': [2.4024, -1.6891, -1.4428, -2.9118, 0.9953, 0.7505], 'ee_position': {'x': -0.5058, 'y': 0.2117, 'z': 0.2479}, 'gripper_width_mm': 13.5, 'gripper_force_n': 49.76}, {'waypoint_id': 4, 'timestamp_ms': 400, 'joint_angles': [0.8266, -2.7666, -1.6396, 1.5096, -0.541, 0.7988], 'ee_position': {'x': -0.3667, 'y': 0.1623, 'z': 0.1894}, 'gripper_width_mm': 81.7, 'gripper_force_n': 49.88}]","{'camera_rgb': {'resolution': [640, 480], 'object_detected': True, 'bounding_box': [210, 262, 65, 147]}, 'depth_camera': {'mean_depth_m': 0.176, 'point_cloud_size': 16506}, 'force_torque': {'fx_n': 3.24, 'fy_n': 2.28, 'fz_n': 8.03, 'tx_nm': -1.647, 'ty_nm': 1.535, 'tz_nm': 0.838}, 'joint_torques': [3.75, -3.76, 4.63, 4.84, 0.95, 2.05]}",7518,True,,False,"{'x_min_m': -0.8, 'x_max_m': 0.8, 'y_min_m': -0.6, 'y_max_m': 0.6, 'z_min_m': 0.0, 'z_max_m': 1.2}",warehouse,ir,2026-08-08T00:01:52.825496+00:00,synthetic_robotics_simulation,True
ROBO-002197,packaging,humanoid,"{'type': 'cone', 'material': 'steel', 'mass_kg': 1.461, 'dimensions_cm': {'length': 19.9, 'width': 17.4, 'height': 14.9}}","{'position': {'x': 0.3108, 'y': 0.2959, 'z': 0.1644}, 'orientation': {'roll_rad': 0.8002, 'pitch_rad': -1.0051, 'yaw_rad': 0.5464}}","[{'waypoint_id': 0, 'timestamp_ms': 0, 'joint_angles': [1.9027, 0.1367, 0.054, 1.3509, -1.4286, -2.176], 'ee_position': {'x': 0.2341, 'y': 0.2477, 'z': 0.2346}, 'gripper_width_mm': 47.7, 'gripper_force_n': 13.64}, {'waypoint_id': 1, 'timestamp_ms': 100, 'joint_angles': [-1.1357, 1.3579, -0.7681, 2.5021, 1.9052, 0.97], 'ee_position': {'x': 0.382, 'y': 0.2317, 'z': 0.3362}, 'gripper_width_mm': 9.9, 'gripper_force_n': 5.31}, {'waypoint_id': 2, 'timestamp_ms': 200, 'joint_angles': [-0.1631, -2.6942, -1.6096, 2.8381, 0.0723, -1.174], 'ee_position': {'x': 0.3225, 'y': 0.3398, 'z': 0.1649}, 'gripper_width_mm': 29.2, 'gripper_force_n': 45.8}, {'waypoint_id': 3, 'timestamp_ms': 300, 'joint_angles': [-0.8458, 2.9818, -2.9784, -0.8513, -2.4797, 2.5443], 'ee_position': {'x': 0.2416, 'y': 0.2396, 'z': 0.2683}, 'gripper_width_mm': 75.7, 'gripper_force_n': 41.31}]","{'camera_rgb': {'resolution': [640, 480], 'object_detected': True, 'bounding_box': [143, 278, 166, 111]}, 'depth_camera': {'mean_depth_m': 0.153, 'point_cloud_size': 29346}, 'force_torque': {'fx_n': -2.05, 'fy_n': -2.79, 'fz_n': -4.3, 'tx_nm': -0.373, 'ty_nm': -1.868, 'tz_nm': 0.309}, 'joint_torques': [-3.15, -1.85, -3.59, -0.58, 4.1, 4.75]}",675,True,,False,"{'x_min_m': -0.8, 'x_max_m': 0.8, 'y_min_m': -0.6, 'y_max_m': 0.6, 'z_min_m': 0.0, 'z_max_m': 1.2}",factory,dim,2026-08-08T00:01:52.873013+00:00,synthetic_robotics_simulation,True
ROBO-000512,palletizing,delta,"{'type': 'bottle', 'material': 'carbon_fiber', 'mass_kg': 3.127, 'dimensions_cm': {'length': 26.9, 'width': 3.4, 'height': 4.2}}","{'position': {'x': 0.2565, 'y': 0.0902, 'z': 0.4748}, 'orientation': {'roll_rad': 2.4754, 'pitch_rad': 0.0901, 'yaw_rad': -1.9571}}","[{'waypoint_id': 0, 'timestamp_ms': 0, 'joint_angles': [0.1707, 2.3583, 0.2124, -0.62, -0.1539, -0.501], 'ee_position': {'x': 0.2156, 'y': 0.1167, 'z': 0.5072}, 'gripper_width_mm': 16.5, 'gripper_force_n': 3.51}, {'waypoint_id': 1, 'timestamp_ms': 100, 'joint_angles': [-3.0485, 2.4991, -2.648, 0.659, 0.5799, -0.054], 'ee_position': {'x': 0.1754, 'y': -0.008, 'z': 0.629}, 'gripper_width_mm': 64.1, 'gripper_force_n': 10.4}, {'waypoint_id': 2, 'timestamp_ms': 200, 'joint_angles': [-2.6659, -2.4916, 2.4827, 1.8832, -2.1281, -2.3962], 'ee_position': {'x': 0.2925, 'y': 0.1406, 'z': 0.5591}, 'gripper_width_mm': 81.6, 'gripper_force_n': 22.08}, {'waypoint_id': 3, 'timestamp_ms': 300, 'joint_angles': [0.2627, 1.4645, 0.2493, 0.4425, 0.4005, 1.2528], 'ee_position': {'x': 0.3274, 'y': 0.0354, 'z': 0.6555}, 'gripper_width_mm': 28.5, 'gripper_force_n': 22.06}, {'waypoint_id': 4, 'timestamp_ms': 400, 'joint_angles': [-1.6115, -0.6879, -2.9781, 1.2451, -0.9502, -1.3083], 'ee_position': {'x': 0.3405, 'y': 0.0002, 'z': 0.546}, 'gripper_width_mm': 84.0, 'gripper_force_n': 10.62}, {'waypoint_id': 5, 'timestamp_ms': 500, 'joint_angles': [1.6539, 2.2827, 0.2164, 0.0968, -0.6213, -1.6548], 'ee_position': {'x': 0.2816, 'y': 0.0655, 'z': 0.5613}, 'gripper_width_mm': 78.8, 'gripper_force_n': 24.55}, {'waypoint_id': 6, 'timestamp_ms': 600, 'joint_angles': [-2.102, 0.4, 1.0657, -0.6899, -1.144, -1.2605], 'ee_position': {'x': 0.3138, 'y': 0.0916, 'z': 0.6337}, 'gripper_width_mm': 77.3, 'gripper_force_n': 31.99}, {'waypoint_id': 7, 'timestamp_ms': 700, 'joint_angles': [0.1842, 1.1435, -2.91, -1.0307, 2.8392, -0.6134], 'ee_position': {'x': 0.2017, 'y': 0.1086, 'z': 0.6294}, 'gripper_width_mm': 29.5, 'gripper_force_n': 45.84}, {'waypoint_id': 8, 'timestamp_ms': 800, 'joint_angles': [-0.4785, 1.8665, 0.8197, 1.1999, -2.8477, -1.8645], 'ee_position': {'x': 0.2347, 'y': 0.1657, 'z': 0.5015}, 'gripper_width_mm': 72.0, 'gripper_force_n': 41.12}]","{'camera_rgb': {'resolution': [640, 480], 'object_detected': True, 'bounding_box': [216, 205, 89, 83]}, 'depth_camera': {'mean_depth_m': 0.518, 'point_cloud_size': 20519}, 'force_torque': {'fx_n': 7.21, 'fy_n': -5.36, 'fz_n': 10.08, 'tx_nm': 0.03, 'ty_nm': -1.933, 'tz_nm': -0.512}, 'joint_torques': [3.1, 4.39, 0.63, 4.09, -2.41, 4.9]}",5344,True,,True,"{'x_min_m': -0.8, 'x_max_m': 0.8, 'y_min_m': -0.6, 'y_max_m': 0.6, 'z_min_m': 0.0, 'z_max_m': 1.2}",kitchen,bright,2026-08-08T00:01:52.638346+00:00,synthetic_robotics_simulation,True
ROBO-001551,assembly,mobile_manipulator,"{'type': 'nut', 'material': 'steel', 'mass_kg': 1.938, 'dimensions_cm': {'length': 18.3, 'width': 4.5, 'height': 11.9}}","{'position': {'x': 0.4605, 'y': -0.102, 'z': 0.7392}, 'orientation': {'roll_rad': -2.9556, 'pitch_rad': 0.6664, 'yaw_rad': 2.8771}}","[{'waypoint_id': 0, 'timestamp_ms': 0, 'joint_angles': [1.552, 0.0883, 2.1625, 0.4885, -0.5402, -2.568], 'ee_position': {'x': 0.5146, 'y': -0.0387, 'z': 0.8723}, 'gripper_width_mm': 37.4, 'gripper_force_n': 12.06}, {'waypoint_id': 1, 'timestamp_ms': 100, 'joint_angles': [2.232, -2.2736, -2.6415, -2.294, -2.028, 2.6067], 'ee_position': {'x': 0.4903, 'y': -0.0194, 'z': 0.8351}, 'gripper_width_mm': 41.2, 'gripper_force_n': 28.08}, {'waypoint_id': 2, 'timestamp_ms': 200, 'joint_angles': [-0.6693, 2.6122, 0.0706, 0.2534, -1.426, 1.9305], 'ee_position': {'x': 0.3786, 'y': -0.1895, 'z': 0.8852}, 'gripper_width_mm': 29.4, 'gripper_force_n': 47.99}]","{'camera_rgb': {'resolution': [640, 480], 'object_detected': True, 'bounding_box': [294, 252, 69, 97]}, 'depth_camera': {'mean_depth_m': 0.759, 'point_cloud_size': 17543}, 'force_torque': {'fx_n': 2.62, 'fy_n': 7.11, 'fz_n': 9.24, 'tx_nm': 1.832, 'ty_nm': -0.8, 'tz_nm': 0.896}, 'joint_torques': [0.7, 1.01, -3.35, -3.56, -2.07, -1.89]}",6673,True,,False,"{'x_min_m': -0.8, 'x_max_m': 0.8, 'y_min_m': -0.6, 'y_max_m': 0.6, 'z_min_m': 0.0, 'z_max_m': 1.2}",lab,uv,2026-08-08T00:01:52.775497+00:00,synthetic_robotics_simulation,True
ROBO-000323,sorting,6dof_arm,"{'type': 'cylinder', 'material': 'plastic_abs', 'mass_kg': 0.389, 'dimensions_cm': {'length': 10.5, 'width': 10.4, 'height': 0.5}}","{'position': {'x': -0.2375, 'y': -0.1431, 'z': 0.0981}, 'orientation': {'roll_rad': 1.3867, 'pitch_rad': -0.0736, 'yaw_rad': 2.6227}}","[{'waypoint_id': 0, 'timestamp_ms': 0, 'joint_angles': [0.0094, 2.1992, 0.0636, -2.4057, 0.9746, -2.9607], 'ee_position': {'x': -0.3229, 'y': -0.0844, 'z': 0.1948}, 'gripper_width_mm': 18.5, 'gripper_force_n': 45.8}, {'waypoint_id': 1, 'timestamp_ms': 100, 'joint_angles': [0.7648, -0.3636, -1.1061, -0.8584, 2.5223, -0.1579], 'ee_position': {'x': -0.2427, 'y': -0.1264, 'z': 0.2265}, 'gripper_width_mm': 22.3, 'gripper_force_n': 43.49}, {'waypoint_id': 2, 'timestamp_ms': 200, 'joint_angles': [2.2908, -1.1632, 2.6155, -2.3672, -0.9935, -0.2576], 'ee_position': {'x': -0.1574, 'y': -0.1059, 'z': 0.2501}, 'gripper_width_mm': 63.0, 'gripper_force_n': 40.7}, {'waypoint_id': 3, 'timestamp_ms': 300, 'joint_angles': [0.2369, -0.6714, 0.8675, -0.7709, 2.6689, 0.5002], 'ee_position': {'x': -0.3315, 'y': -0.0759, 'z': 0.2463}, 'gripper_width_mm': 9.1, 'gripper_force_n': 41.92}, {'waypoint_id': 4, 'timestamp_ms': 400, 'joint_angles': [2.4989, -1.9482, 0.3187, 2.2142, -2.3837, -0.0235], 'ee_position': {'x': -0.1583, 'y': -0.1639, 'z': 0.1426}, 'gripper_width_mm': 55.5, 'gripper_force_n': 12.78}, {'waypoint_id': 5, 'timestamp_ms': 500, 'joint_angles': [0.6493, 1.0088, 0.8773, 1.8061, 2.7489, -1.7962], 'ee_position': {'x': -0.3171, 'y': -0.2235, 'z': 0.2179}, 'gripper_width_mm': 41.4, 'gripper_force_n': 33.43}, {'waypoint_id': 6, 'timestamp_ms': 600, 'joint_angles': [-0.9749, 2.4495, 2.6905, -0.0988, -2.8644, 1.6495], 'ee_position': {'x': -0.3146, 'y': -0.1732, 'z': 0.296}, 'gripper_width_mm': 38.3, 'gripper_force_n': 26.94}, {'waypoint_id': 7, 'timestamp_ms': 700, 'joint_angles': [-1.5641, 1.3599, -1.0418, 2.7013, 0.428, 0.1778], 'ee_position': {'x': -0.1442, 'y': -0.194, 'z': 0.2425}, 'gripper_width_mm': 13.3, 'gripper_force_n': 34.93}, {'waypoint_id': 8, 'timestamp_ms': 800, 'joint_angles': [0.3743, -2.6549, -2.98, 1.9442, -2.1305, 1.1856], 'ee_position': {'x': -0.2533, 'y': -0.1819, 'z': 0.1365}, 'gripper_width_mm': 72.6, 'gripper_force_n': 40.65}]","{'camera_rgb': {'resolution': [640, 480], 'object_detected': True, 'bounding_box': [240, 232, 91, 125]}, 'depth_camera': {'mean_depth_m': 0.116, 'point_cloud_size': 2542}, 'force_torque': {'fx_n': 5.36, 'fy_n': 1.62, 'fz_n': -1.94, 'tx_nm': -0.457, 'ty_nm': -1.451, 'tz_nm': 0.785}, 'joint_torques': [1.35, 0.13, 2.38, -0.9, 2.76, 4.54]}",5672,True,,False,"{'x_min_m': -0.8, 'x_max_m': 0.8, 'y_min_m': -0.6, 'y_max_m': 0.6, 'z_min_m': 0.0, 'z_max_m': 1.2}",warehouse,uv,2026-08-08T00:01:52.579341+00:00,synthetic_robotics_simulation,True
ROBO-002262,sorting,vacuum_gripper,"{'type': 'chip_package', 'material': 'aluminum', 'mass_kg': 0.183, 'dimensions_cm': {'length': 25.7, 'width': 18.5, 'height': 12.5}}","{'position': {'x': -0.2135, 'y': -0.462, 'z': 0.5814}, 'orientation': {'roll_rad': -0.0528, 'pitch_rad': -1.3779, 'yaw_rad': -1.0715}}","[{'waypoint_id': 0, 'timestamp_ms': 0, 'joint_angles': [0.0344, -2.0248, -1.2451, 1.2699, -2.5729, -2.3858], 'ee_position': {'x': -0.246, 'y': -0.3929, 'z': 0.6934}, 'gripper_width_mm': 40.2, 'gripper_force_n': 8.7}, {'waypoint_id': 1, 'timestamp_ms': 100, 'joint_angles': [0.5484, -0.7944, -1.2379, 0.4385, -1.0628, -1.1665], 'ee_position': {'x': -0.2637, 'y': -0.4174, 'z': 0.6477}, 'gripper_width_mm': 63.9, 'gripper_force_n': 44.84}, {'waypoint_id': 2, 'timestamp_ms': 200, 'joint_angles': [-1.5295, -2.5267, 1.341, -0.0582, -1.3897, -2.228], 'ee_position': {'x': -0.1309, 'y': -0.3733, 'z': 0.6503}, 'gripper_width_mm': 64.3, 'gripper_force_n': 22.09}, {'waypoint_id': 3, 'timestamp_ms': 300, 'joint_angles': [2.1348, 1.5474, -1.6473, -2.803, 0.0944, -2.9508], 'ee_position': {'x': -0.1268, 'y': -0.5253, 'z': 0.6937}, 'gripper_width_mm': 37.9, 'gripper_force_n': 27.02}, {'waypoint_id': 4, 'timestamp_ms': 400, 'joint_angles': [-2.8565, -0.2667, -1.2727, -0.7576, 1.3564, 0.8764], 'ee_position': {'x': -0.2976, 'y': -0.4112, 'z': 0.7658}, 'gripper_width_mm': 53.1, 'gripper_force_n': 8.57}]","{'camera_rgb': {'resolution': [640, 480], 'object_detected': True, 'bounding_box': [320, 118, 188, 79]}, 'depth_camera': {'mean_depth_m': 0.543, 'point_cloud_size': 23976}, 'force_torque': {'fx_n': -2.15, 'fy_n': 6.35, 'fz_n': 17.23, 'tx_nm': 1.512, 'ty_nm': 0.32, 'tz_nm': -0.127}, 'joint_torques': [0.94, 2.66, 3.12, -0.9, -1.01, 2.75]}",922,True,,False,"{'x_min_m': -0.8, 'x_max_m': 0.8, 'y_min_m': -0.6, 'y_max_m': 0.6, 'z_min_m': 0.0, 'z_max_m': 1.2}",kitchen,uv,2026-08-08T00:01:52.939019+00:00,synthetic_robotics_simulation,True
ROBO-001201,bin_picking,delta,"{'type': 'bearing', 'material': 'aluminum', 'mass_kg': 3.72, 'dimensions_cm': {'length': 27.1, 'width': 1.5, 'height': 14.1}}","{'position': {'x': 0.4825, 'y': 0.0091, 'z': 0.5075}, 'orientation': {'roll_rad': -1.9348, 'pitch_rad': -1.4067, 'yaw_rad': -1.9967}}","[{'waypoint_id': 0, 'timestamp_ms': 0, 'joint_angles': [1.9878, -2.6703, -2.75, -1.0855, 3.0331, -1.4106], 'ee_position': {'x': 0.5775, 'y': -0.0628, 'z': 0.5283}, 'gripper_width_mm': 72.0, 'gripper_force_n': 7.59}, {'waypoint_id': 1, 'timestamp_ms': 100, 'joint_angles': [-1.3449, -1.3866, -1.6804, -0.7308, -2.7498, -2.3743], 'ee_position': {'x': 0.4178, 'y': 0.07, 'z': 0.5314}, 'gripper_width_mm': 81.0, 'gripper_force_n': 18.93}, {'waypoint_id': 2, 'timestamp_ms': 200, 'joint_angles': [0.1352, 2.7889, -2.9562, 2.8928, 0.1841, 2.7055], 'ee_position': {'x': 0.5075, 'y': -0.0646, 'z': 0.6578}, 'gripper_width_mm': 18.3, 'gripper_force_n': 28.75}, {'waypoint_id': 3, 'timestamp_ms': 300, 'joint_angles': [0.8386, 2.2686, 1.4949, -1.9384, -1.2772, -1.4501], 'ee_position': {'x': 0.481, 'y': 0.036, 'z': 0.5412}, 'gripper_width_mm': 9.9, 'gripper_force_n': 42.05}]","{'camera_rgb': {'resolution': [640, 480], 'object_detected': True, 'bounding_box': [395, 221, 82, 122]}, 'depth_camera': {'mean_depth_m': 0.5, 'point_cloud_size': 26290}, 'force_torque': {'fx_n': -3.72, 'fy_n': -4.74, 'fz_n': 11.17, 'tx_nm': -0.646, 'ty_nm': -1.906, 'tz_nm': -0.206}, 'joint_torques': [3.32, -3.96, -2.95, 0.41, 4.63, 4.85]}",1382,True,,True,"{'x_min_m': -0.8, 'x_max_m': 0.8, 'y_min_m': -0.6, 'y_max_m': 0.6, 'z_min_m': 0.0, 'z_max_m': 1.2}",lab,ir,2026-08-08T00:01:52.739410+00:00,synthetic_robotics_simulation,True
ROBO-001482,welding,scara,"{'type': 'bottle', 'material': 'carbon_fiber', 'mass_kg': 3.245, 'dimensions_cm': {'length': 4.3, 'width': 9.3, 'height': 1.3}}","{'position': {'x': 0.4437, 'y': -0.2341, 'z': 0.3897}, 'orientation': {'roll_rad': 1.1863, 'pitch_rad': -0.5953, 'yaw_rad': -0.8054}}","[{'waypoint_id': 0, 'timestamp_ms': 0, 'joint_angles': [3.0096, 1.823, 0.3896, -2.5462, -1.3664, -2.187], 'ee_position': {'x': 0.4237, 'y': -0.33, 'z': 0.5695}, 'gripper_width_mm': 19.3, 'gripper_force_n': 5.65}, {'waypoint_id': 1, 'timestamp_ms': 100, 'joint_angles': [-1.9907, 2.2962, 2.6542, -0.9918, 0.595, 0.5689], 'ee_position': {'x': 0.4667, 'y': -0.2155, 'z': 0.434}, 'gripper_width_mm': 59.1, 'gripper_force_n': 44.1}, {'waypoint_id': 2, 'timestamp_ms': 200, 'joint_angles': [1.5268, -2.6889, 0.4987, 0.5519, 3.1193, -0.865], 'ee_position': {'x': 0.4471, 'y': -0.3123, 'z': 0.5745}, 'gripper_width_mm': 43.6, 'gripper_force_n': 3.85}, {'waypoint_id': 3, 'timestamp_ms': 300, 'joint_angles': [-2.7445, -2.2825, 0.8938, 2.6277, -0.5401, -2.3345], 'ee_position': {'x': 0.4743, 'y': -0.1556, 'z': 0.4938}, 'gripper_width_mm': 46.7, 'gripper_force_n': 40.79}]","{'camera_rgb': {'resolution': [640, 480], 'object_detected': True, 'bounding_box': [340, 221, 146, 76]}, 'depth_camera': {'mean_depth_m': 0.378, 'point_cloud_size': 49949}, 'force_torque': {'fx_n': -5.2, 'fy_n': -7.35, 'fz_n': 12.07, 'tx_nm': 0.084, 'ty_nm': 1.861, 'tz_nm': 0.248}, 'joint_torques': [2.82, 1.29, 4.05, 2.72, -4.98, -0.41]}",2030,True,,False,"{'x_min_m': -0.8, 'x_max_m': 0.8, 'y_min_m': -0.6, 'y_max_m': 0.6, 'z_min_m': 0.0, 'z_max_m': 1.2}",factory,bright,2026-08-08T00:01:52.769498+00:00,synthetic_robotics_simulation,True
ROBO-002365,assembly,humanoid,"{'type': 'bearing', 'material': 'rubber', 'mass_kg': 2.023, 'dimensions_cm': {'length': 11.7, 'width': 3.8, 'height': 2.6}}","{'position': {'x': -0.1847, 'y': 0.3299, 'z': 0.421}, 'orientation': {'roll_rad': 2.857, 'pitch_rad': 0.7124, 'yaw_rad': -1.4396}}","[{'waypoint_id': 0, 'timestamp_ms': 0, 'joint_angles': [1.8722, 2.8127, 1.9068, 2.7, 1.2448, -1.1157], 'ee_position': {'x': -0.1019, 'y': 0.2548, 'z': 0.4993}, 'gripper_width_mm': 16.4, 'gripper_force_n': 46.0}, {'waypoint_id': 1, 'timestamp_ms': 100, 'joint_angles': [-2.4194, 0.9493, -2.3062, 2.0808, -3.1404, 2.6176], 'ee_position': {'x': -0.2156, 'y': 0.2515, 'z': 0.5808}, 'gripper_width_mm': 40.3, 'gripper_force_n': 17.27}, {'waypoint_id': 2, 'timestamp_ms': 200, 'joint_angles': [0.9366, -2.0285, 2.9202, -2.602, 0.6101, 1.2112], 'ee_position': {'x': -0.2608, 'y': 0.4227, 'z': 0.4306}, 'gripper_width_mm': 6.2, 'gripper_force_n': 34.27}, {'waypoint_id': 3, 'timestamp_ms': 300, 'joint_angles': [-0.8641, -2.7575, -2.3731, 0.2786, 2.5694, 0.9648], 'ee_position': {'x': -0.2145, 'y': 0.3172, 'z': 0.5313}, 'gripper_width_mm': 33.7, 'gripper_force_n': 13.55}, {'waypoint_id': 4, 'timestamp_ms': 400, 'joint_angles': [0.1791, 2.6936, -2.743, -0.602, 1.7344, -1.6403], 'ee_position': {'x': -0.1336, 'y': 0.4058, 'z': 0.5045}, 'gripper_width_mm': 31.9, 'gripper_force_n': 22.3}, {'waypoint_id': 5, 'timestamp_ms': 500, 'joint_angles': [-0.221, 2.3493, -1.8077, -0.0989, -2.7524, -1.0469], 'ee_position': {'x': -0.1553, 'y': 0.3978, 'z': 0.5371}, 'gripper_width_mm': 21.2, 'gripper_force_n': 7.95}, {'waypoint_id': 6, 'timestamp_ms': 600, 'joint_angles': [0.0086, 1.796, 0.6098, 2.3584, 0.2123, -1.9307], 'ee_position': {'x': -0.1271, 'y': 0.3746, 'z': 0.612}, 'gripper_width_mm': 30.8, 'gripper_force_n': 36.63}, {'waypoint_id': 7, 'timestamp_ms': 700, 'joint_angles': [1.3968, 1.2048, 0.1172, -2.9501, -0.7091, -1.4881], 'ee_position': {'x': -0.207, 'y': 0.3798, 'z': 0.5529}, 'gripper_width_mm': 58.8, 'gripper_force_n': 26.49}, {'waypoint_id': 8, 'timestamp_ms': 800, 'joint_angles': [3.0544, -2.0908, 3.0784, 0.0973, -2.6952, -0.4489], 'ee_position': {'x': -0.2753, 'y': 0.397, 'z': 0.4516}, 'gripper_width_mm': 53.8, 'gripper_force_n': 49.08}, {'waypoint_id': 9, 'timestamp_ms': 900, 'joint_angles': [-2.6845, 0.8452, -0.652, -1.7672, 1.2438, -2.6778], 'ee_position': {'x': -0.2513, 'y': 0.2438, 'z': 0.5704}, 'gripper_width_mm': 5.3, 'gripper_force_n': 45.84}]","{'camera_rgb': {'resolution': [640, 480], 'object_detected': True, 'bounding_box': [307, 133, 162, 91]}, 'depth_camera': {'mean_depth_m': 0.379, 'point_cloud_size': 45998}, 'force_torque': {'fx_n': -3.92, 'fy_n': -5.97, 'fz_n': 15.47, 'tx_nm': -1.009, 'ty_nm': -1.504, 'tz_nm': 0.598}, 'joint_torques': [-2.92, -0.53, -2.29, -3.17, -0.48, 4.75]}",606,True,,False,"{'x_min_m': -0.8, 'x_max_m': 0.8, 'y_min_m': -0.6, 'y_max_m': 0.6, 'z_min_m': 0.0, 'z_max_m': 1.2}",factory,variable,2026-08-08T00:01:52.949030+00:00,synthetic_robotics_simulation,True
ROBO-000788,bin_picking,6dof_arm,"{'type': 'can', 'material': 'ceramic', 'mass_kg': 0.615, 'dimensions_cm': {'length': 26.2, 'width': 17.3, 'height': 6.6}}","{'position': {'x': 0.2875, 'y': 0.0075, 'z': 0.0773}, 'orientation': {'roll_rad': 0.759, 'pitch_rad': -1.3361, 'yaw_rad': 2.2404}}","[{'waypoint_id': 0, 'timestamp_ms': 0, 'joint_angles': [-2.1028, -1.1441, -2.1239, -2.5157, -2.4873, -0.0952], 'ee_position': {'x': 0.2183, 'y': 0.0675, 'z': 0.2329}, 'gripper_width_mm': 33.0, 'gripper_force_n': 24.86}, {'waypoint_id': 1, 'timestamp_ms': 100, 'joint_angles': [-0.3978, 0.8878, 2.8777, 1.541, -2.7566, -0.6669], 'ee_position': {'x': 0.3001, 'y': -0.0186, 'z': 0.2369}, 'gripper_width_mm': 72.9, 'gripper_force_n': 33.63}, {'waypoint_id': 2, 'timestamp_ms': 200, 'joint_angles': [2.1902, -2.5057, -0.0185, 1.0259, -0.8059, -0.1113], 'ee_position': {'x': 0.2739, 'y': 0.0599, 'z': 0.2659}, 'gripper_width_mm': 40.3, 'gripper_force_n': 32.15}, {'waypoint_id': 3, 'timestamp_ms': 300, 'joint_angles': [2.2455, 0.9193, 0.0653, -0.1673, 0.8239, -2.8987], 'ee_position': {'x': 0.2975, 'y': 0.0928, 'z': 0.1202}, 'gripper_width_mm': 7.1, 'gripper_force_n': 33.32}, {'waypoint_id': 4, 'timestamp_ms': 400, 'joint_angles': [-1.4824, 2.4771, -2.2953, -1.2877, -1.3373, -2.1715], 'ee_position': {'x': 0.2636, 'y': 0.051, 'z': 0.0913}, 'gripper_width_mm': 34.0, 'gripper_force_n': 28.23}, {'waypoint_id': 5, 'timestamp_ms': 500, 'joint_angles': [1.0081, 2.9504, -2.4658, -0.5336, -2.5163, -0.8462], 'ee_position': {'x': 0.2481, 'y': 0.0411, 'z': 0.2015}, 'gripper_width_mm': 68.6, 'gripper_force_n': 24.78}, {'waypoint_id': 6, 'timestamp_ms': 600, 'joint_angles': [-2.1709, -2.4957, 1.6368, 1.2301, -1.1612, 0.021], 'ee_position': {'x': 0.2775, 'y': 0.0985, 'z': 0.1543}, 'gripper_width_mm': 44.6, 'gripper_force_n': 5.18}, {'waypoint_id': 7, 'timestamp_ms': 700, 'joint_angles': [1.8739, 0.7529, -0.3083, 2.9113, 3.0833, 0.1894], 'ee_position': {'x': 0.3584, 'y': -0.0217, 'z': 0.2084}, 'gripper_width_mm': 77.9, 'gripper_force_n': 46.83}]","{'camera_rgb': {'resolution': [640, 480], 'object_detected': True, 'bounding_box': [136, 299, 82, 68]}, 'depth_camera': {'mean_depth_m': 0.05, 'point_cloud_size': 25553}, 'force_torque': {'fx_n': -2.36, 'fy_n': 4.12, 'fz_n': 2.97, 'tx_nm': 0.227, 'ty_nm': 0.781, 'tz_nm': -0.363}, 'joint_torques': [-4.1, 0.22, -3.83, 3.36, 1.41, -1.42]}",4382,True,,False,"{'x_min_m': -0.8, 'x_max_m': 0.8, 'y_min_m': -0.6, 'y_max_m': 0.6, 'z_min_m': 0.0, 'z_max_m': 1.2}",kitchen,variable,2026-08-08T00:01:52.665410+00:00,synthetic_robotics_simulation,True
ROBO-000285,assembly,delta,"{'type': 'circuit_board', 'material': 'carbon_fiber', 'mass_kg': 1.035, 'dimensions_cm': {'length': 14.5, 'width': 10.7, 'height': 2.3}}","{'position': {'x': 0.4281, 'y': 0.4554, 'z': 0.212}, 'orientation': {'roll_rad': -0.3086, 'pitch_rad': 0.8623, 'yaw_rad': 1.4764}}","[{'waypoint_id': 0, 'timestamp_ms': 0, 'joint_angles': [-0.6798, -2.9625, 3.0983, -1.9927, -2.3965, -0.534], 'ee_position': {'x': 0.3875, 'y': 0.3838, 'z': 0.2349}, 'gripper_width_mm': 69.1, 'gripper_force_n': 25.82}, {'waypoint_id': 1, 'timestamp_ms': 100, 'joint_angles': [-1.0672, 1.8362, -0.5058, -1.1987, -2.7885, -0.6803], 'ee_position': {'x': 0.358, 'y': 0.413, 'z': 0.2661}, 'gripper_width_mm': 59.7, 'gripper_force_n': 5.15}, {'waypoint_id': 2, 'timestamp_ms': 200, 'joint_angles': [-1.8383, 0.2625, -2.1803, 0.5301, -1.4083, 1.3294], 'ee_position': {'x': 0.4245, 'y': 0.3735, 'z': 0.2201}, 'gripper_width_mm': 76.6, 'gripper_force_n': 6.2}, {'waypoint_id': 3, 'timestamp_ms': 300, 'joint_angles': [0.7498, 2.1733, -1.7591, -2.0363, 2.9623, -0.0588], 'ee_position': {'x': 0.4536, 'y': 0.4546, 'z': 0.2809}, 'gripper_width_mm': 25.9, 'gripper_force_n': 1.6}, {'waypoint_id': 4, 'timestamp_ms': 400, 'joint_angles': [-1.3173, 1.9347, 1.6314, 3.0658, 2.0161, 1.0094], 'ee_position': {'x': 0.3693, 'y': 0.5335, 'z': 0.3692}, 'gripper_width_mm': 64.3, 'gripper_force_n': 37.56}, {'waypoint_id': 5, 'timestamp_ms': 500, 'joint_angles': [-1.5364, -0.0834, -0.3514, 2.6077, -1.6507, 1.6364], 'ee_position': {'x': 0.5124, 'y': 0.3683, 'z': 0.3584}, 'gripper_width_mm': 77.6, 'gripper_force_n': 22.98}, {'waypoint_id': 6, 'timestamp_ms': 600, 'joint_angles': [-0.9453, -1.225, -2.1613, -2.1365, 0.5176, -0.0579], 'ee_position': {'x': 0.3579, 'y': 0.4469, 'z': 0.3293}, 'gripper_width_mm': 18.5, 'gripper_force_n': 33.65}, {'waypoint_id': 7, 'timestamp_ms': 700, 'joint_angles': [2.1355, 1.5376, -0.6983, -0.0062, -2.0819, -1.8528], 'ee_position': {'x': 0.3368, 'y': 0.3587, 'z': 0.2706}, 'gripper_width_mm': 29.3, 'gripper_force_n': 3.93}, {'waypoint_id': 8, 'timestamp_ms': 800, 'joint_angles': [0.9023, 2.4954, -1.6517, -1.591, 1.2133, 0.6771], 'ee_position': {'x': 0.472, 'y': 0.5221, 'z': 0.2532}, 'gripper_width_mm': 6.7, 'gripper_force_n': 4.91}, {'waypoint_id': 9, 'timestamp_ms': 900, 'joint_angles': [-0.7128, 0.55, 1.3206, -2.9151, -2.2594, -1.1049], 'ee_position': {'x': 0.4509, 'y': 0.5186, 'z': 0.2875}, 'gripper_width_mm': 28.6, 'gripper_force_n': 46.83}]","{'camera_rgb': {'resolution': [640, 480], 'object_detected': True, 'bounding_box': [317, 217, 61, 149]}, 'depth_camera': {'mean_depth_m': 0.206, 'point_cloud_size': 6462}, 'force_torque': {'fx_n': -1.99, 'fy_n': -7.2, 'fz_n': 14.78, 'tx_nm': 0.256, 'ty_nm': -0.503, 'tz_nm': -0.496}, 'joint_torques': [4.44, -2.49, 0.3, 3.35, 4.5, 4.35]}",7770,True,,False,"{'x_min_m': -0.8, 'x_max_m': 0.8, 'y_min_m': -0.6, 'y_max_m': 0.6, 'z_min_m': 0.0, 'z_max_m': 1.2}",kitchen,bright,2026-08-08T00:01:52.575341+00:00,synthetic_robotics_simulation,True
ROBO-000188,palletizing,magnetic_gripper,"{'type': 'cylinder', 'material': 'rubber', 'mass_kg': 4.35, 'dimensions_cm': {'length': 12.3, 'width': 14.2, 'height': 1.9}}","{'position': {'x': -0.4797, 'y': -0.2564, 'z': 0.622}, 'orientation': {'roll_rad': 1.2154, 'pitch_rad': 0.8851, 'yaw_rad': -2.0904}}","[{'waypoint_id': 0, 'timestamp_ms': 0, 'joint_angles': [-0.0677, 0.9463, -0.457, 1.5004, -0.4927, 1.3125], 'ee_position': {'x': -0.4844, 'y': -0.319, 'z': 0.7275}, 'gripper_width_mm': 47.7, 'gripper_force_n': 2.74}, {'waypoint_id': 1, 'timestamp_ms': 100, 'joint_angles': [-2.7558, -3.0241, 0.1894, -1.2865, 0.1555, 0.3422], 'ee_position': {'x': -0.4086, 'y': -0.3413, 'z': 0.7961}, 'gripper_width_mm': 28.1, 'gripper_force_n': 23.21}, {'waypoint_id': 2, 'timestamp_ms': 200, 'joint_angles': [-0.3777, -1.2387, 2.1948, -0.3883, 2.8546, 2.4394], 'ee_position': {'x': -0.4029, 'y': -0.2658, 'z': 0.6366}, 'gripper_width_mm': 22.9, 'gripper_force_n': 22.27}]","{'camera_rgb': {'resolution': [640, 480], 'object_detected': True, 'bounding_box': [373, 175, 72, 101]}, 'depth_camera': {'mean_depth_m': 0.592, 'point_cloud_size': 15100}, 'force_torque': {'fx_n': 4.72, 'fy_n': -5.75, 'fz_n': 3.9, 'tx_nm': 0.245, 'ty_nm': 1.062, 'tz_nm': 0.642}, 'joint_torques': [4.17, 0.07, 2.62, 2.92, -1.1, -2.13]}",5642,True,,False,"{'x_min_m': -0.8, 'x_max_m': 0.8, 'y_min_m': -0.6, 'y_max_m': 0.6, 'z_min_m': 0.0, 'z_max_m': 1.2}",kitchen,variable,2026-08-08T00:01:52.534817+00:00,synthetic_robotics_simulation,True
ROBO-000934,pick_and_place,magnetic_gripper,"{'type': 'nut', 'material': 'silicone', 'mass_kg': 2.076, 'dimensions_cm': {'length': 14.6, 'width': 19.4, 'height': 0.9}}","{'position': {'x': 0.2316, 'y': 0.1885, 'z': 0.0124}, 'orientation': {'roll_rad': -2.7737, 'pitch_rad': -1.3362, 'yaw_rad': 1.2797}}","[{'waypoint_id': 0, 'timestamp_ms': 0, 'joint_angles': [-2.2181, -0.3474, -0.9285, -1.1796, -0.0806, -2.3534], 'ee_position': {'x': 0.3246, 'y': 0.1699, 'z': 0.123}, 'gripper_width_mm': 78.9, 'gripper_force_n': 22.52}, {'waypoint_id': 1, 'timestamp_ms': 100, 'joint_angles': [-1.2418, -1.9404, -2.6275, -3.074, 0.9938, -2.9981], 'ee_position': {'x': 0.2701, 'y': 0.1992, 'z': 0.193}, 'gripper_width_mm': 8.9, 'gripper_force_n': 39.15}, {'waypoint_id': 2, 'timestamp_ms': 200, 'joint_angles': [0.3807, -2.0302, 0.2752, -0.8236, -1.7282, 1.6091], 'ee_position': {'x': 0.2175, 'y': 0.2225, 'z': 0.0241}, 'gripper_width_mm': 60.7, 'gripper_force_n': 45.19}, {'waypoint_id': 3, 'timestamp_ms': 300, 'joint_angles': [2.7619, 0.5679, -1.0702, -2.5738, -2.673, 0.554], 'ee_position': {'x': 0.1433, 'y': 0.1473, 'z': 0.0248}, 'gripper_width_mm': 17.6, 'gripper_force_n': 34.79}, {'waypoint_id': 4, 'timestamp_ms': 400, 'joint_angles': [-1.352, 2.1019, 0.8861, 2.5083, 3.0673, -2.8228], 'ee_position': {'x': 0.1531, 'y': 0.2232, 'z': 0.1401}, 'gripper_width_mm': 45.1, 'gripper_force_n': 3.31}, {'waypoint_id': 5, 'timestamp_ms': 500, 'joint_angles': [1.3715, 1.8641, 0.4988, 1.3165, -1.0027, -3.0811], 'ee_position': {'x': 0.223, 'y': 0.152, 'z': 0.0625}, 'gripper_width_mm': 17.6, 'gripper_force_n': 6.18}, {'waypoint_id': 6, 'timestamp_ms': 600, 'joint_angles': [2.3592, -2.5246, 1.3542, -2.8937, -2.1247, 2.053], 'ee_position': {'x': 0.277, 'y': 0.1575, 'z': 0.145}, 'gripper_width_mm': 30.0, 'gripper_force_n': 32.99}]","{'camera_rgb': {'resolution': [640, 480], 'object_detected': True, 'bounding_box': [367, 289, 78, 104]}, 'depth_camera': {'mean_depth_m': -0.01, 'point_cloud_size': 33414}, 'force_torque': {'fx_n': 8.22, 'fy_n': 8.6, 'fz_n': 11.24, 'tx_nm': -0.586, 'ty_nm': 1.38, 'tz_nm': 0.836}, 'joint_torques': [4.05, 4.57, 1.37, -3.68, 3.3, -1.7]}",7008,True,,False,"{'x_min_m': -0.8, 'x_max_m': 0.8, 'y_min_m': -0.6, 'y_max_m': 0.6, 'z_min_m': 0.0, 'z_max_m': 1.2}",warehouse,dim,2026-08-08T00:01:52.681411+00:00,synthetic_robotics_simulation,True
ROBO-001186,quality_check,vacuum_gripper,"{'type': 'rectangular_box', 'material': 'steel', 'mass_kg': 4.346, 'dimensions_cm': {'length': 4.4, 'width': 8.6, 'height': 7.9}}","{'position': {'x': 0.3871, 'y': -0.0337, 'z': 0.1094}, 'orientation': {'roll_rad': 0.4358, 'pitch_rad': -0.6868, 'yaw_rad': -2.202}}","[{'waypoint_id': 0, 'timestamp_ms': 0, 'joint_angles': [-1.5403, -0.8876, 0.9275, 2.2035, -0.18, 1.9246], 'ee_position': {'x': 0.4545, 'y': -0.0688, 'z': 0.2494}, 'gripper_width_mm': 65.5, 'gripper_force_n': 15.88}, {'waypoint_id': 1, 'timestamp_ms': 100, 'joint_angles': [2.018, 0.2055, -0.7308, 1.6618, 2.8358, 2.3575], 'ee_position': {'x': 0.3922, 'y': -0.1201, 'z': 0.2745}, 'gripper_width_mm': 24.2, 'gripper_force_n': 24.64}, {'waypoint_id': 2, 'timestamp_ms': 200, 'joint_angles': [-3.1055, -0.5093, 0.5025, -2.1562, -0.1663, 2.4901], 'ee_position': {'x': 0.4105, 'y': -0.0003, 'z': 0.2009}, 'gripper_width_mm': 17.9, 'gripper_force_n': 14.3}, {'waypoint_id': 3, 'timestamp_ms': 300, 'joint_angles': [-1.403, 0.7849, -2.6998, 0.7589, -2.3112, -0.8288], 'ee_position': {'x': 0.4296, 'y': -0.0092, 'z': 0.1703}, 'gripper_width_mm': 5.0, 'gripper_force_n': 8.51}, {'waypoint_id': 4, 'timestamp_ms': 400, 'joint_angles': [0.1516, 0.021, 1.8498, 0.5383, -1.1219, -2.3775], 'ee_position': {'x': 0.4157, 'y': -0.0267, 'z': 0.1972}, 'gripper_width_mm': 48.8, 'gripper_force_n': 4.74}, {'waypoint_id': 5, 'timestamp_ms': 500, 'joint_angles': [1.8339, 2.0509, 0.2128, -2.1264, 2.8453, 1.2182], 'ee_position': {'x': 0.4422, 'y': -0.0106, 'z': 0.114}, 'gripper_width_mm': 58.2, 'gripper_force_n': 38.41}, {'waypoint_id': 6, 'timestamp_ms': 600, 'joint_angles': [-0.0863, 0.3617, 1.1459, -1.3662, 0.5508, -0.5998], 'ee_position': {'x': 0.4034, 'y': 0.0015, 'z': 0.3033}, 'gripper_width_mm': 24.2, 'gripper_force_n': 1.43}, {'waypoint_id': 7, 'timestamp_ms': 700, 'joint_angles': [-2.2541, -0.0201, -1.1336, -0.7385, 1.1993, -2.3828], 'ee_position': {'x': 0.4686, 'y': 0.0264, 'z': 0.1441}, 'gripper_width_mm': 28.9, 'gripper_force_n': 39.62}]","{'camera_rgb': {'resolution': [640, 480], 'object_detected': True, 'bounding_box': [187, 188, 197, 126]}, 'depth_camera': {'mean_depth_m': 0.136, 'point_cloud_size': 2585}, 'force_torque': {'fx_n': 1.75, 'fy_n': -5.59, 'fz_n': 2.88, 'tx_nm': 0.072, 'ty_nm': -0.381, 'tz_nm': -0.9}, 'joint_torques': [-3.06, -3.48, -3.81, -2.12, -1.41, 0.58]}",4998,False,collision,False,"{'x_min_m': -0.8, 'x_max_m': 0.8, 'y_min_m': -0.6, 'y_max_m': 0.6, 'z_min_m': 0.0, 'z_max_m': 1.2}",lab,bright,2026-08-08T00:01:52.709409+00:00,synthetic_robotics_simulation,True
ROBO-000327,welding,cobot,"{'type': 'can', 'material': 'aluminum', 'mass_kg': 1.177, 'dimensions_cm': {'length': 5.2, 'width': 5.2, 'height': 8.3}}","{'position': {'x': -0.2565, 'y': 0.2834, 'z': 0.6602}, 'orientation': {'roll_rad': -2.6465, 'pitch_rad': -0.7698, 'yaw_rad': 0.2524}}","[{'waypoint_id': 0, 'timestamp_ms': 0, 'joint_angles': [2.8967, -0.3634, -2.7028, 2.1366, 2.2869, -2.5659], 'ee_position': {'x': -0.1633, 'y': 0.1844, 'z': 0.7801}, 'gripper_width_mm': 57.3, 'gripper_force_n': 2.82}, {'waypoint_id': 1, 'timestamp_ms': 100, 'joint_angles': [0.5022, 0.5816, 2.8578, 1.9785, 2.4847, -1.5619], 'ee_position': {'x': -0.2293, 'y': 0.3287, 'z': 0.8132}, 'gripper_width_mm': 63.4, 'gripper_force_n': 10.29}, {'waypoint_id': 2, 'timestamp_ms': 200, 'joint_angles': [2.7404, 0.8379, -1.2529, 1.0242, -2.3132, -0.3625], 'ee_position': {'x': -0.1644, 'y': 0.3747, 'z': 0.7645}, 'gripper_width_mm': 58.2, 'gripper_force_n': 3.36}, {'waypoint_id': 3, 'timestamp_ms': 300, 'joint_angles': [1.3479, -0.0918, -1.6363, -1.2673, 0.4048, -1.1823], 'ee_position': {'x': -0.3547, 'y': 0.3388, 'z': 0.7945}, 'gripper_width_mm': 32.7, 'gripper_force_n': 12.57}]","{'camera_rgb': {'resolution': [640, 480], 'object_detected': True, 'bounding_box': [393, 231, 105, 61]}, 'depth_camera': {'mean_depth_m': 0.698, 'point_cloud_size': 21777}, 'force_torque': {'fx_n': -9.74, 'fy_n': -6.76, 'fz_n': 12.74, 'tx_nm': 0.607, 'ty_nm': 0.056, 'tz_nm': -0.547}, 'joint_torques': [2.98, 1.77, 1.54, -3.75, -1.16, 0.03]}",1623,True,,True,"{'x_min_m': -0.8, 'x_max_m': 0.8, 'y_min_m': -0.6, 'y_max_m': 0.6, 'z_min_m': 0.0, 'z_max_m': 1.2}",outdoor,uv,2026-08-08T00:01:52.579341+00:00,synthetic_robotics_simulation,True
ROBO-000954,inspection,delta,"{'type': 'sphere', 'material': 'wood', 'mass_kg': 1.085, 'dimensions_cm': {'length': 23.1, 'width': 13.6, 'height': 11.3}}","{'position': {'x': -0.1057, 'y': 0.2321, 'z': 0.1018}, 'orientation': {'roll_rad': 3.0753, 'pitch_rad': -0.1777, 'yaw_rad': 2.0237}}","[{'waypoint_id': 0, 'timestamp_ms': 0, 'joint_angles': [0.4479, 1.0463, -2.6942, -2.9845, -0.4943, 0.7146], 'ee_position': {'x': -0.0119, 'y': 0.1473, 'z': 0.1195}, 'gripper_width_mm': 3.1, 'gripper_force_n': 29.39}, {'waypoint_id': 1, 'timestamp_ms': 100, 'joint_angles': [-0.9239, 0.8562, -2.2363, -1.4086, 0.165, 1.9363], 'ee_position': {'x': -0.1561, 'y': 0.1623, 'z': 0.1559}, 'gripper_width_mm': 14.7, 'gripper_force_n': 24.15}, {'waypoint_id': 2, 'timestamp_ms': 200, 'joint_angles': [0.4067, -2.4295, -1.697, 2.862, -0.8082, -2.5287], 'ee_position': {'x': -0.0983, 'y': 0.1596, 'z': 0.2843}, 'gripper_width_mm': 0.1, 'gripper_force_n': 32.55}, {'waypoint_id': 3, 'timestamp_ms': 300, 'joint_angles': [2.0053, 1.5789, -0.8044, 2.6475, 2.0327, -1.6116], 'ee_position': {'x': -0.031, 'y': 0.2655, 'z': 0.1304}, 'gripper_width_mm': 58.8, 'gripper_force_n': 46.95}, {'waypoint_id': 4, 'timestamp_ms': 400, 'joint_angles': [2.7118, 0.1234, 1.7739, -1.0533, 2.0327, -0.895], 'ee_position': {'x': -0.121, 'y': 0.1357, 'z': 0.1425}, 'gripper_width_mm': 15.6, 'gripper_force_n': 14.42}, {'waypoint_id': 5, 'timestamp_ms': 500, 'joint_angles': [-3.0193, -2.2618, -2.572, -1.766, -2.7738, -2.6246], 'ee_position': {'x': -0.1077, 'y': 0.1991, 'z': 0.2878}, 'gripper_width_mm': 63.0, 'gripper_force_n': 25.77}, {'waypoint_id': 6, 'timestamp_ms': 600, 'joint_angles': [2.8145, -0.6608, -0.8373, 1.8118, 0.8999, 1.6584], 'ee_position': {'x': -0.071, 'y': 0.331, 'z': 0.2041}, 'gripper_width_mm': 61.0, 'gripper_force_n': 7.66}, {'waypoint_id': 7, 'timestamp_ms': 700, 'joint_angles': [-0.3912, 1.8535, -0.8062, 0.8157, -1.8974, -0.0525], 'ee_position': {'x': -0.0323, 'y': 0.2447, 'z': 0.1751}, 'gripper_width_mm': 63.9, 'gripper_force_n': 6.57}, {'waypoint_id': 8, 'timestamp_ms': 800, 'joint_angles': [-0.1433, 1.1322, -0.1972, 1.6118, -0.8098, 1.1557], 'ee_position': {'x': -0.0731, 'y': 0.1747, 'z': 0.1806}, 'gripper_width_mm': 64.6, 'gripper_force_n': 46.61}]","{'camera_rgb': {'resolution': [640, 480], 'object_detected': True, 'bounding_box': [321, 163, 165, 56]}, 'depth_camera': {'mean_depth_m': 0.151, 'point_cloud_size': 49550}, 'force_torque': {'fx_n': -7.96, 'fy_n': -2.19, 'fz_n': 8.83, 'tx_nm': 0.65, 'ty_nm': 1.302, 'tz_nm': 0.772}, 'joint_torques': [3.05, -1.09, -2.57, -2.56, 0.03, 2.2]}",7355,True,,False,"{'x_min_m': -0.8, 'x_max_m': 0.8, 'y_min_m': -0.6, 'y_max_m': 0.6, 'z_min_m': 0.0, 'z_max_m': 1.2}",outdoor,variable,2026-08-08T00:01:52.682413+00:00,synthetic_robotics_simulation,True
ROBO-000414,welding,scara,"{'type': 'screw', 'material': 'carbon_fiber', 'mass_kg': 4.734, 'dimensions_cm': {'length': 12.2, 'width': 18.0, 'height': 10.2}}","{'position': {'x': 0.1707, 'y': -0.101, 'z': 0.6927}, 'orientation': {'roll_rad': -0.3894, 'pitch_rad': -1.1754, 'yaw_rad': -0.6766}}","[{'waypoint_id': 0, 'timestamp_ms': 0, 'joint_angles': [1.9949, 1.7206, 2.5576, 1.2686, 2.8788, 1.3382], 'ee_position': {'x': 0.1691, 'y': -0.116, 'z': 0.803}, 'gripper_width_mm': 57.0, 'gripper_force_n': 36.14}, {'waypoint_id': 1, 'timestamp_ms': 100, 'joint_angles': [0.7824, -3.032, -2.7001, 0.0482, 1.3829, -1.8054], 'ee_position': {'x': 0.1889, 'y': -0.0141, 'z': 0.7179}, 'gripper_width_mm': 51.8, 'gripper_force_n': 49.34}, {'waypoint_id': 2, 'timestamp_ms': 200, 'joint_angles': [2.7975, 2.9648, -0.0149, 0.9742, 1.7884, 2.6021], 'ee_position': {'x': 0.1831, 'y': -0.0744, 'z': 0.811}, 'gripper_width_mm': 67.6, 'gripper_force_n': 28.96}, {'waypoint_id': 3, 'timestamp_ms': 300, 'joint_angles': [-2.7014, 1.5705, -2.1439, 0.6575, -0.016, -2.9484], 'ee_position': {'x': 0.0909, 'y': -0.1756, 'z': 0.7899}, 'gripper_width_mm': 82.9, 'gripper_force_n': 26.53}, {'waypoint_id': 4, 'timestamp_ms': 400, 'joint_angles': [-1.4126, 1.885, 0.6668, -0.464, 1.0993, 1.8258], 'ee_position': {'x': 0.1585, 'y': -0.0555, 'z': 0.7746}, 'gripper_width_mm': 38.5, 'gripper_force_n': 31.19}, {'waypoint_id': 5, 'timestamp_ms': 500, 'joint_angles': [1.7729, 2.9888, -2.5335, -1.355, -0.7754, -0.1439], 'ee_position': {'x': 0.2112, 'y': -0.1102, 'z': 0.7146}, 'gripper_width_mm': 22.8, 'gripper_force_n': 41.46}]","{'camera_rgb': {'resolution': [640, 480], 'object_detected': True, 'bounding_box': [390, 235, 160, 134]}, 'depth_camera': {'mean_depth_m': 0.705, 'point_cloud_size': 38304}, 'force_torque': {'fx_n': -4.37, 'fy_n': 6.76, 'fz_n': 7.96, 'tx_nm': 0.012, 'ty_nm': 1.482, 'tz_nm': -0.488}, 'joint_torques': [4.32, 3.84, -1.77, -4.87, -3.56, -3.9]}",3429,True,,False,"{'x_min_m': -0.8, 'x_max_m': 0.8, 'y_min_m': -0.6, 'y_max_m': 0.6, 'z_min_m': 0.0, 'z_max_m': 1.2}",warehouse,uv,2026-08-08T00:01:52.614343+00:00,synthetic_robotics_simulation,True
ROBO-001858,sorting,magnetic_gripper,"{'type': 'cylinder', 'material': 'carbon_fiber', 'mass_kg': 3.213, 'dimensions_cm': {'length': 3.2, 'width': 18.4, 'height': 0.7}}","{'position': {'x': -0.0521, 'y': -0.4524, 'z': 0.5183}, 'orientation': {'roll_rad': 3.0, 'pitch_rad': -0.9241, 'yaw_rad': -0.2652}}","[{'waypoint_id': 0, 'timestamp_ms': 0, 'joint_angles': [0.0356, -0.4938, -1.1003, -2.8717, 1.2602, -1.5908], 'ee_position': {'x': -0.1074, 'y': -0.4163, 'z': 0.5753}, 'gripper_width_mm': 47.8, 'gripper_force_n': 19.88}, {'waypoint_id': 1, 'timestamp_ms': 100, 'joint_angles': [2.1374, -0.5166, 1.4475, -2.108, -2.6382, -0.7931], 'ee_position': {'x': 0.0068, 'y': -0.3966, 'z': 0.6115}, 'gripper_width_mm': 11.4, 'gripper_force_n': 44.96}, {'waypoint_id': 2, 'timestamp_ms': 200, 'joint_angles': [1.1469, -2.4328, -0.8547, -1.6395, -2.6669, -0.5856], 'ee_position': {'x': -0.1041, 'y': -0.358, 'z': 0.617}, 'gripper_width_mm': 53.2, 'gripper_force_n': 36.28}, {'waypoint_id': 3, 'timestamp_ms': 300, 'joint_angles': [-2.6426, -2.9997, -1.0526, -1.4613, -2.4174, 0.8233], 'ee_position': {'x': -0.1392, 'y': -0.4495, 'z': 0.6617}, 'gripper_width_mm': 3.7, 'gripper_force_n': 23.04}]","{'camera_rgb': {'resolution': [640, 480], 'object_detected': True, 'bounding_box': [235, 267, 133, 150]}, 'depth_camera': {'mean_depth_m': 0.526, 'point_cloud_size': 1730}, 'force_torque': {'fx_n': -3.19, 'fy_n': -3.6, 'fz_n': 7.02, 'tx_nm': 1.499, 'ty_nm': 0.513, 'tz_nm': 0.712}, 'joint_torques': [2.06, -0.24, -0.06, 0.2, -1.62, 1.85]}",3845,True,,False,"{'x_min_m': -0.8, 'x_max_m': 0.8, 'y_min_m': -0.6, 'y_max_m': 0.6, 'z_min_m': 0.0, 'z_max_m': 1.2}",kitchen,uv,2026-08-08T00:01:52.823499+00:00,synthetic_robotics_simulation,True
ROBO-001495,quality_check,6dof_arm,"{'type': 'cylinder', 'material': 'ceramic', 'mass_kg': 1.474, 'dimensions_cm': {'length': 23.0, 'width': 18.5, 'height': 6.2}}","{'position': {'x': -0.3614, 'y': 0.1882, 'z': 0.6553}, 'orientation': {'roll_rad': -1.9267, 'pitch_rad': -1.293, 'yaw_rad': -1.5914}}","[{'waypoint_id': 0, 'timestamp_ms': 0, 'joint_angles': [2.3077, -2.5856, 0.807, 2.731, -0.6194, -2.1316], 'ee_position': {'x': -0.3649, 'y': 0.2146, 'z': 0.7853}, 'gripper_width_mm': 5.6, 'gripper_force_n': 34.94}, {'waypoint_id': 1, 'timestamp_ms': 100, 'joint_angles': [-1.417, 1.0871, -0.2996, 2.2449, 0.0145, -2.3439], 'ee_position': {'x': -0.4448, 'y': 0.2707, 'z': 0.6721}, 'gripper_width_mm': 75.0, 'gripper_force_n': 20.79}, {'waypoint_id': 2, 'timestamp_ms': 200, 'joint_angles': [-0.5555, 2.7327, -1.5489, -0.9721, -2.5755, 0.6909], 'ee_position': {'x': -0.3765, 'y': 0.2489, 'z': 0.6572}, 'gripper_width_mm': 48.2, 'gripper_force_n': 7.82}, {'waypoint_id': 3, 'timestamp_ms': 300, 'joint_angles': [-2.7186, -2.3899, -1.6037, 2.5895, 2.8316, 0.956], 'ee_position': {'x': -0.3197, 'y': 0.2118, 'z': 0.7238}, 'gripper_width_mm': 2.0, 'gripper_force_n': 1.96}, {'waypoint_id': 4, 'timestamp_ms': 400, 'joint_angles': [-0.3666, -2.4641, 0.8748, -0.8838, 2.7416, -1.4807], 'ee_position': {'x': -0.4476, 'y': 0.1836, 'z': 0.7405}, 'gripper_width_mm': 83.2, 'gripper_force_n': 30.09}, {'waypoint_id': 5, 'timestamp_ms': 500, 'joint_angles': [-2.1058, 2.3678, 3.063, 1.0236, -2.4097, -1.9702], 'ee_position': {'x': -0.4041, 'y': 0.1315, 'z': 0.7731}, 'gripper_width_mm': 77.6, 'gripper_force_n': 15.89}]","{'camera_rgb': {'resolution': [640, 480], 'object_detected': True, 'bounding_box': [385, 210, 121, 95]}, 'depth_camera': {'mean_depth_m': 0.635, 'point_cloud_size': 33413}, 'force_torque': {'fx_n': -1.44, 'fy_n': -0.62, 'fz_n': 0.16, 'tx_nm': -1.362, 'ty_nm': 1.52, 'tz_nm': 0.251}, 'joint_torques': [3.9, 0.89, -2.39, 4.57, 2.6, 4.9]}",7567,False,,False,"{'x_min_m': -0.8, 'x_max_m': 0.8, 'y_min_m': -0.6, 'y_max_m': 0.6, 'z_min_m': 0.0, 'z_max_m': 1.2}",warehouse,bright,2026-08-08T00:01:52.770494+00:00,synthetic_robotics_simulation,True
ROBO-000667,palletizing,magnetic_gripper,"{'type': 'washer', 'material': 'ceramic', 'mass_kg': 4.631, 'dimensions_cm': {'length': 1.1, 'width': 13.3, 'height': 5.0}}","{'position': {'x': 0.0272, 'y': 0.3653, 'z': 0.1688}, 'orientation': {'roll_rad': 0.7248, 'pitch_rad': -1.4448, 'yaw_rad': 0.7944}}","[{'waypoint_id': 0, 'timestamp_ms': 0, 'joint_angles': [-2.2995, 2.9505, -2.3514, 2.2918, 0.7584, -0.554], 'ee_position': {'x': 0.0773, 'y': 0.4424, 'z': 0.3617}, 'gripper_width_mm': 31.0, 'gripper_force_n': 11.3}, {'waypoint_id': 1, 'timestamp_ms': 100, 'joint_angles': [2.0531, -2.3804, 1.041, -0.387, -2.991, 0.4067], 'ee_position': {'x': -0.0064, 'y': 0.279, 'z': 0.1962}, 'gripper_width_mm': 30.4, 'gripper_force_n': 35.64}, {'waypoint_id': 2, 'timestamp_ms': 200, 'joint_angles': [-2.5453, 2.6767, 2.1523, -1.3472, 2.3663, 0.5794], 'ee_position': {'x': -0.0067, 'y': 0.429, 'z': 0.2301}, 'gripper_width_mm': 22.1, 'gripper_force_n': 28.76}, {'waypoint_id': 3, 'timestamp_ms': 300, 'joint_angles': [0.1533, 2.308, 2.4665, 0.0504, 0.5663, 2.5034], 'ee_position': {'x': 0.0118, 'y': 0.3296, 'z': 0.1932}, 'gripper_width_mm': 63.4, 'gripper_force_n': 23.5}, {'waypoint_id': 4, 'timestamp_ms': 400, 'joint_angles': [-0.0541, -0.8014, 1.439, 0.8809, -0.8462, 0.7208], 'ee_position': {'x': -0.0062, 'y': 0.4213, 'z': 0.2895}, 'gripper_width_mm': 24.0, 'gripper_force_n': 17.76}, {'waypoint_id': 5, 'timestamp_ms': 500, 'joint_angles': [-0.3284, 3.014, 2.5459, -2.827, 3.0539, -3.1082], 'ee_position': {'x': 0.0899, 'y': 0.4002, 'z': 0.262}, 'gripper_width_mm': 43.7, 'gripper_force_n': 38.06}, {'waypoint_id': 6, 'timestamp_ms': 600, 'joint_angles': [-0.3427, -0.7419, -0.3772, -2.3417, -2.7489, 0.0839], 'ee_position': {'x': 0.0852, 'y': 0.3413, 'z': 0.2883}, 'gripper_width_mm': 66.6, 'gripper_force_n': 30.29}]","{'camera_rgb': {'resolution': [640, 480], 'object_detected': True, 'bounding_box': [188, 218, 193, 129]}, 'depth_camera': {'mean_depth_m': 0.119, 'point_cloud_size': 3577}, 'force_torque': {'fx_n': -9.37, 'fy_n': 2.82, 'fz_n': -2.31, 'tx_nm': -0.899, 'ty_nm': -1.52, 'tz_nm': -0.964}, 'joint_torques': [-2.64, 1.98, -1.41, -0.57, -2.69, 2.41]}",3833,True,,False,"{'x_min_m': -0.8, 'x_max_m': 0.8, 'y_min_m': -0.6, 'y_max_m': 0.6, 'z_min_m': 0.0, 'z_max_m': 1.2}",warehouse,uv,2026-08-08T00:01:52.652356+00:00,synthetic_robotics_simulation,True
ROBO-001517,bin_picking,scara,"{'type': 'rectangular_box', 'material': 'rubber', 'mass_kg': 1.214, 'dimensions_cm': {'length': 21.6, 'width': 2.4, 'height': 5.1}}","{'position': {'x': -0.3412, 'y': 0.122, 'z': 0.5785}, 'orientation': {'roll_rad': -2.3327, 'pitch_rad': -1.2216, 'yaw_rad': -2.0642}}","[{'waypoint_id': 0, 'timestamp_ms': 0, 'joint_angles': [1.1923, 2.8833, 0.2525, 1.9374, -2.9973, 2.0064], 'ee_position': {'x': -0.3956, 'y': 0.2146, 'z': 0.7164}, 'gripper_width_mm': 79.2, 'gripper_force_n': 27.18}, {'waypoint_id': 1, 'timestamp_ms': 100, 'joint_angles': [-1.1191, 2.7461, -0.9442, -2.8329, 0.5056, 0.0392], 'ee_position': {'x': -0.3485, 'y': 0.2157, 'z': 0.6715}, 'gripper_width_mm': 55.1, 'gripper_force_n': 0.01}, {'waypoint_id': 2, 'timestamp_ms': 200, 'joint_angles': [1.5715, -2.6405, -0.6064, -2.9969, 0.3057, -2.0107], 'ee_position': {'x': -0.2895, 'y': 0.0971, 'z': 0.6647}, 'gripper_width_mm': 9.5, 'gripper_force_n': 25.79}, {'waypoint_id': 3, 'timestamp_ms': 300, 'joint_angles': [-2.1196, 0.223, 1.7705, -0.1042, -2.6699, 1.7854], 'ee_position': {'x': -0.3792, 'y': 0.0795, 'z': 0.6887}, 'gripper_width_mm': 66.2, 'gripper_force_n': 8.52}, {'waypoint_id': 4, 'timestamp_ms': 400, 'joint_angles': [1.9496, 0.8382, 2.0716, 2.0494, 0.0167, -2.8816], 'ee_position': {'x': -0.2867, 'y': 0.1387, 'z': 0.7193}, 'gripper_width_mm': 18.3, 'gripper_force_n': 40.78}, {'waypoint_id': 5, 'timestamp_ms': 500, 'joint_angles': [1.1723, 2.6157, 0.5515, 3.0658, -1.7839, -2.925], 'ee_position': {'x': -0.2826, 'y': 0.0953, 'z': 0.6899}, 'gripper_width_mm': 75.3, 'gripper_force_n': 27.78}, {'waypoint_id': 6, 'timestamp_ms': 600, 'joint_angles': [-0.0413, -0.7725, -3.0142, 3.0755, 2.9667, 0.6011], 'ee_position': {'x': -0.3755, 'y': 0.0261, 'z': 0.7508}, 'gripper_width_mm': 31.1, 'gripper_force_n': 0.51}, {'waypoint_id': 7, 'timestamp_ms': 700, 'joint_angles': [1.8471, 2.2783, -1.1565, 0.2596, -0.5139, 0.5716], 'ee_position': {'x': -0.3325, 'y': 0.0431, 'z': 0.6801}, 'gripper_width_mm': 15.5, 'gripper_force_n': 48.12}]","{'camera_rgb': {'resolution': [640, 480], 'object_detected': True, 'bounding_box': [279, 160, 131, 133]}, 'depth_camera': {'mean_depth_m': 0.584, 'point_cloud_size': 46047}, 'force_torque': {'fx_n': -5.09, 'fy_n': 1.71, 'fz_n': -3.86, 'tx_nm': 1.36, 'ty_nm': -1.635, 'tz_nm': -0.706}, 'joint_torques': [3.67, -2.12, 0.34, 1.24, -0.09, -1.41]}",3467,False,force_limit,False,"{'x_min_m': -0.8, 'x_max_m': 0.8, 'y_min_m': -0.6, 'y_max_m': 0.6, 'z_min_m': 0.0, 'z_max_m': 1.2}",factory,uv,2026-08-08T00:01:52.772496+00:00,synthetic_robotics_simulation,True
ROBO-001456,inspection,parallel_gripper,"{'type': 'screw', 'material': 'carbon_fiber', 'mass_kg': 2.337, 'dimensions_cm': {'length': 16.4, 'width': 9.4, 'height': 5.3}}","{'position': {'x': 0.3801, 'y': -0.0778, 'z': 0.0635}, 'orientation': {'roll_rad': -1.2823, 'pitch_rad': 0.7773, 'yaw_rad': 0.4625}}","[{'waypoint_id': 0, 'timestamp_ms': 0, 'joint_angles': [-1.0831, 0.8789, 0.9383, 0.2472, 0.1801, 1.573], 'ee_position': {'x': 0.4641, 'y': -0.0953, 'z': 0.1793}, 'gripper_width_mm': 75.8, 'gripper_force_n': 29.89}, {'waypoint_id': 1, 'timestamp_ms': 100, 'joint_angles': [2.9956, -3.0402, 1.4253, -2.9207, 1.6514, 1.0504], 'ee_position': {'x': 0.4385, 'y': -0.0724, 'z': 0.0986}, 'gripper_width_mm': 31.0, 'gripper_force_n': 42.66}, {'waypoint_id': 2, 'timestamp_ms': 200, 'joint_angles': [-0.5611, -2.514, 0.9779, 1.0995, 2.4598, 2.0784], 'ee_position': {'x': 0.3341, 'y': -0.1347, 'z': 0.2022}, 'gripper_width_mm': 19.3, 'gripper_force_n': 42.49}]","{'camera_rgb': {'resolution': [640, 480], 'object_detected': True, 'bounding_box': [285, 104, 96, 126]}, 'depth_camera': {'mean_depth_m': 0.035, 'point_cloud_size': 4018}, 'force_torque': {'fx_n': 8.56, 'fy_n': 5.18, 'fz_n': 6.64, 'tx_nm': 1.825, 'ty_nm': 0.776, 'tz_nm': -0.905}, 'joint_torques': [2.99, -1.83, -1.41, -0.08, 3.97, -3.03]}",525,True,,False,"{'x_min_m': -0.8, 'x_max_m': 0.8, 'y_min_m': -0.6, 'y_max_m': 0.6, 'z_min_m': 0.0, 'z_max_m': 1.2}",kitchen,bright,2026-08-08T00:01:52.766496+00:00,synthetic_robotics_simulation,True
ROBO-000859,packaging,scara,"{'type': 'washer', 'material': 'plastic_abs', 'mass_kg': 0.908, 'dimensions_cm': {'length': 15.3, 'width': 12.1, 'height': 6.5}}","{'position': {'x': 0.4617, 'y': -0.3201, 'z': 0.2883}, 'orientation': {'roll_rad': 2.1261, 'pitch_rad': -0.7971, 'yaw_rad': 1.4699}}","[{'waypoint_id': 0, 'timestamp_ms': 0, 'joint_angles': [-1.5273, -2.9179, 2.0994, -1.2707, -1.4103, -0.6741], 'ee_position': {'x': 0.3782, 'y': -0.2669, 'z': 0.295}, 'gripper_width_mm': 25.1, 'gripper_force_n': 2.26}, {'waypoint_id': 1, 'timestamp_ms': 100, 'joint_angles': [1.0021, 1.4685, -0.7755, -2.0668, -2.3507, -3.1215], 'ee_position': {'x': 0.4991, 'y': -0.3583, 'z': 0.3788}, 'gripper_width_mm': 84.8, 'gripper_force_n': 15.9}, {'waypoint_id': 2, 'timestamp_ms': 200, 'joint_angles': [2.343, 0.7424, -2.2733, 0.4627, -3.0715, -2.4191], 'ee_position': {'x': 0.5207, 'y': -0.248, 'z': 0.4261}, 'gripper_width_mm': 18.2, 'gripper_force_n': 44.23}, {'waypoint_id': 3, 'timestamp_ms': 300, 'joint_angles': [-1.2451, 2.1629, 1.1206, -1.562, -0.6955, -2.4092], 'ee_position': {'x': 0.5448, 'y': -0.3883, 'z': 0.4729}, 'gripper_width_mm': 80.8, 'gripper_force_n': 49.32}, {'waypoint_id': 4, 'timestamp_ms': 400, 'joint_angles': [0.5253, 1.1241, 2.9595, -1.1692, 1.7123, -2.8375], 'ee_position': {'x': 0.4876, 'y': -0.3784, 'z': 0.4273}, 'gripper_width_mm': 69.6, 'gripper_force_n': 44.06}]","{'camera_rgb': {'resolution': [640, 480], 'object_detected': True, 'bounding_box': [137, 235, 52, 55]}, 'depth_camera': {'mean_depth_m': 0.329, 'point_cloud_size': 18610}, 'force_torque': {'fx_n': 9.73, 'fy_n': 5.96, 'fz_n': 18.18, 'tx_nm': -1.259, 'ty_nm': 1.01, 'tz_nm': -0.546}, 'joint_torques': [-3.54, -3.85, 0.55, 2.81, 2.3, -1.16]}",1351,False,,False,"{'x_min_m': -0.8, 'x_max_m': 0.8, 'y_min_m': -0.6, 'y_max_m': 0.6, 'z_min_m': 0.0, 'z_max_m': 1.2}",lab,variable,2026-08-08T00:01:52.672412+00:00,synthetic_robotics_simulation,True
ROBO-001094,inspection,scara,"{'type': 'can', 'material': 'glass', 'mass_kg': 3.205, 'dimensions_cm': {'length': 27.2, 'width': 11.0, 'height': 11.3}}","{'position': {'x': 0.2836, 'y': 0.1392, 'z': 0.1578}, 'orientation': {'roll_rad': -0.3786, 'pitch_rad': 0.1703, 'yaw_rad': -0.5036}}","[{'waypoint_id': 0, 'timestamp_ms': 0, 'joint_angles': [-0.5111, -1.5773, -2.7375, 0.4954, 0.8213, -0.6668], 'ee_position': {'x': 0.3025, 'y': 0.1923, 'z': 0.3057}, 'gripper_width_mm': 43.9, 'gripper_force_n': 15.4}, {'waypoint_id': 1, 'timestamp_ms': 100, 'joint_angles': [-1.0629, 0.0548, 2.9908, 3.112, 1.7368, -3.1408], 'ee_position': {'x': 0.3373, 'y': 0.1872, 'z': 0.2674}, 'gripper_width_mm': 20.1, 'gripper_force_n': 9.59}, {'waypoint_id': 2, 'timestamp_ms': 200, 'joint_angles': [-0.9189, -3.0071, 0.1483, 0.6817, 1.2359, 1.7015], 'ee_position': {'x': 0.2524, 'y': 0.2237, 'z': 0.2778}, 'gripper_width_mm': 7.9, 'gripper_force_n': 18.77}, {'waypoint_id': 3, 'timestamp_ms': 300, 'joint_angles': [2.9528, -1.8092, -0.3018, 2.0625, 1.3114, -1.5517], 'ee_position': {'x': 0.3633, 'y': 0.0658, 'z': 0.355}, 'gripper_width_mm': 55.5, 'gripper_force_n': 9.57}]","{'camera_rgb': {'resolution': [640, 480], 'object_detected': True, 'bounding_box': [315, 185, 164, 53]}, 'depth_camera': {'mean_depth_m': 0.178, 'point_cloud_size': 5156}, 'force_torque': {'fx_n': -5.53, 'fy_n': 0.51, 'fz_n': 7.0, 'tx_nm': 0.518, 'ty_nm': -1.892, 'tz_nm': -0.021}, 'joint_torques': [-3.77, 4.15, 3.67, 1.58, -2.98, -2.94]}",2298,True,,False,"{'x_min_m': -0.8, 'x_max_m': 0.8, 'y_min_m': -0.6, 'y_max_m': 0.6, 'z_min_m': 0.0, 'z_max_m': 1.2}",factory,dim,2026-08-08T00:01:52.698409+00:00,synthetic_robotics_simulation,True
ROBO-000293,packaging,humanoid,"{'type': 'bearing', 'material': 'rubber', 'mass_kg': 1.03, 'dimensions_cm': {'length': 15.4, 'width': 5.3, 'height': 7.9}}","{'position': {'x': 0.3074, 'y': -0.4281, 'z': 0.3016}, 'orientation': {'roll_rad': -2.0559, 'pitch_rad': -1.2908, 'yaw_rad': 2.1859}}","[{'waypoint_id': 0, 'timestamp_ms': 0, 'joint_angles': [1.1085, 2.8636, 0.4377, 1.0814, -0.2036, 1.6663], 'ee_position': {'x': 0.3834, 'y': -0.4172, 'z': 0.4649}, 'gripper_width_mm': 42.8, 'gripper_force_n': 25.35}, {'waypoint_id': 1, 'timestamp_ms': 100, 'joint_angles': [-2.3837, -1.9653, 2.3604, 1.714, -2.9999, -2.2614], 'ee_position': {'x': 0.356, 'y': -0.4227, 'z': 0.3643}, 'gripper_width_mm': 73.3, 'gripper_force_n': 9.98}, {'waypoint_id': 2, 'timestamp_ms': 200, 'joint_angles': [1.0056, -2.5977, -1.03, -0.5564, 2.5434, -0.8661], 'ee_position': {'x': 0.2446, 'y': -0.3401, 'z': 0.4446}, 'gripper_width_mm': 12.8, 'gripper_force_n': 34.22}, {'waypoint_id': 3, 'timestamp_ms': 300, 'joint_angles': [-1.0243, -0.0664, 1.6651, -0.0155, -1.6061, 2.9184], 'ee_position': {'x': 0.3633, 'y': -0.515, 'z': 0.369}, 'gripper_width_mm': 11.5, 'gripper_force_n': 5.41}, {'waypoint_id': 4, 'timestamp_ms': 400, 'joint_angles': [-1.1293, -0.1937, -2.4765, 1.3975, 1.2831, -2.5635], 'ee_position': {'x': 0.3183, 'y': -0.4788, 'z': 0.4654}, 'gripper_width_mm': 46.7, 'gripper_force_n': 3.6}, {'waypoint_id': 5, 'timestamp_ms': 500, 'joint_angles': [2.6207, 2.3187, 0.858, 2.9441, -0.7756, -2.4071], 'ee_position': {'x': 0.4046, 'y': -0.42, 'z': 0.379}, 'gripper_width_mm': 58.9, 'gripper_force_n': 44.9}, {'waypoint_id': 6, 'timestamp_ms': 600, 'joint_angles': [-1.946, 1.4346, -1.2912, -0.8087, -0.1512, -0.2602], 'ee_position': {'x': 0.2485, 'y': -0.4638, 'z': 0.401}, 'gripper_width_mm': 46.1, 'gripper_force_n': 35.24}, {'waypoint_id': 7, 'timestamp_ms': 700, 'joint_angles': [-1.0926, 0.3667, -2.2675, 1.3051, 1.2019, 0.7618], 'ee_position': {'x': 0.2769, 'y': -0.5148, 'z': 0.416}, 'gripper_width_mm': 62.4, 'gripper_force_n': 31.38}, {'waypoint_id': 8, 'timestamp_ms': 800, 'joint_angles': [-1.1134, 0.725, 0.0748, 2.7819, 2.5005, -1.6554], 'ee_position': {'x': 0.2668, 'y': -0.3642, 'z': 0.4458}, 'gripper_width_mm': 65.6, 'gripper_force_n': 32.95}, {'waypoint_id': 9, 'timestamp_ms': 900, 'joint_angles': [-2.4645, 1.7075, -1.3561, 0.6875, -0.5404, -1.5992], 'ee_position': {'x': 0.3958, 'y': -0.5261, 'z': 0.3171}, 'gripper_width_mm': 12.7, 'gripper_force_n': 40.72}]","{'camera_rgb': {'resolution': [640, 480], 'object_detected': True, 'bounding_box': [304, 152, 57, 113]}, 'depth_camera': {'mean_depth_m': 0.261, 'point_cloud_size': 16777}, 'force_torque': {'fx_n': -8.81, 'fy_n': -6.32, 'fz_n': 4.47, 'tx_nm': 0.069, 'ty_nm': 1.785, 'tz_nm': -0.742}, 'joint_torques': [-2.48, 2.14, 4.85, -4.32, -1.08, -1.06]}",3142,True,,False,"{'x_min_m': -0.8, 'x_max_m': 0.8, 'y_min_m': -0.6, 'y_max_m': 0.6, 'z_min_m': 0.0, 'z_max_m': 1.2}",kitchen,ir,2026-08-08T00:01:52.576341+00:00,synthetic_robotics_simulation,True
ROBO-002496,assembly,cobot,"{'type': 'motor', 'material': 'glass', 'mass_kg': 2.438, 'dimensions_cm': {'length': 26.6, 'width': 7.7, 'height': 2.4}}","{'position': {'x': -0.2099, 'y': 0.0174, 'z': 0.1735}, 'orientation': {'roll_rad': -1.094, 'pitch_rad': 1.4698, 'yaw_rad': 2.4395}}","[{'waypoint_id': 0, 'timestamp_ms': 0, 'joint_angles': [2.0379, -0.3743, 0.0744, 0.6216, 1.562, 1.8911], 'ee_position': {'x': -0.1916, 'y': -0.0718, 'z': 0.2079}, 'gripper_width_mm': 23.2, 'gripper_force_n': 3.74}, {'waypoint_id': 1, 'timestamp_ms': 100, 'joint_angles': [-2.8352, -1.9257, -2.2907, 1.0596, -2.8613, 2.9882], 'ee_position': {'x': -0.2118, 'y': 0.0031, 'z': 0.3555}, 'gripper_width_mm': 64.1, 'gripper_force_n': 5.89}, {'waypoint_id': 2, 'timestamp_ms': 200, 'joint_angles': [-2.3688, 1.8206, 0.5276, 1.8422, 1.841, 0.976], 'ee_position': {'x': -0.2821, 'y': 0.0984, 'z': 0.3303}, 'gripper_width_mm': 50.1, 'gripper_force_n': 46.77}, {'waypoint_id': 3, 'timestamp_ms': 300, 'joint_angles': [-1.4141, -0.8099, 1.3624, -0.5277, 0.1793, 0.1056], 'ee_position': {'x': -0.2098, 'y': 0.1148, 'z': 0.1954}, 'gripper_width_mm': 2.3, 'gripper_force_n': 3.93}, {'waypoint_id': 4, 'timestamp_ms': 400, 'joint_angles': [-2.8064, 2.9795, 0.2859, 0.5724, 0.421, -0.2784], 'ee_position': {'x': -0.2724, 'y': -0.0645, 'z': 0.3246}, 'gripper_width_mm': 38.3, 'gripper_force_n': 11.9}]","{'camera_rgb': {'resolution': [640, 480], 'object_detected': True, 'bounding_box': [357, 284, 137, 138]}, 'depth_camera': {'mean_depth_m': 0.183, 'point_cloud_size': 33480}, 'force_torque': {'fx_n': -6.24, 'fy_n': -5.61, 'fz_n': 16.78, 'tx_nm': 1.886, 'ty_nm': -0.122, 'tz_nm': -0.329}, 'joint_torques': [-3.33, -2.07, 2.58, 0.27, 0.91, -3.53]}",3858,True,,False,"{'x_min_m': -0.8, 'x_max_m': 0.8, 'y_min_m': -0.6, 'y_max_m': 0.6, 'z_min_m': 0.0, 'z_max_m': 1.2}",kitchen,uv,2026-08-08T00:01:52.963552+00:00,synthetic_robotics_simulation,True
ROBO-000701,packaging,cobot,"{'type': 'bottle', 'material': 'plastic_abs', 'mass_kg': 3.554, 'dimensions_cm': {'length': 11.9, 'width': 12.0, 'height': 2.0}}","{'position': {'x': 0.0975, 'y': -0.1196, 'z': 0.0925}, 'orientation': {'roll_rad': -0.2272, 'pitch_rad': 0.6549, 'yaw_rad': 1.5928}}","[{'waypoint_id': 0, 'timestamp_ms': 0, 'joint_angles': [0.4992, -1.2382, 2.6078, 1.946, 1.5544, 0.0418], 'ee_position': {'x': 0.0449, 'y': -0.165, 'z': 0.2737}, 'gripper_width_mm': 64.7, 'gripper_force_n': 8.07}, {'waypoint_id': 1, 'timestamp_ms': 100, 'joint_angles': [2.5254, 1.2032, -1.4851, 2.3801, 2.3696, 0.3382], 'ee_position': {'x': 0.1785, 'y': -0.1131, 'z': 0.2768}, 'gripper_width_mm': 22.4, 'gripper_force_n': 26.13}, {'waypoint_id': 2, 'timestamp_ms': 200, 'joint_angles': [-2.2109, -2.3673, -0.5746, -1.9861, -0.6794, -1.3165], 'ee_position': {'x': 0.1492, 'y': -0.0683, 'z': 0.1723}, 'gripper_width_mm': 48.2, 'gripper_force_n': 13.14}, {'waypoint_id': 3, 'timestamp_ms': 300, 'joint_angles': [2.0666, 2.2369, 2.8472, 0.87, 0.6839, 2.2742], 'ee_position': {'x': 0.104, 'y': -0.1383, 'z': 0.2919}, 'gripper_width_mm': 80.5, 'gripper_force_n': 28.4}, {'waypoint_id': 4, 'timestamp_ms': 400, 'joint_angles': [-2.6481, 1.9049, 0.302, -0.4366, 0.5759, 2.2832], 'ee_position': {'x': 0.0644, 'y': -0.1511, 'z': 0.1468}, 'gripper_width_mm': 80.3, 'gripper_force_n': 30.72}, {'waypoint_id': 5, 'timestamp_ms': 500, 'joint_angles': [-1.2525, 3.0929, 1.9346, 2.2365, -2.8299, -2.732], 'ee_position': {'x': 0.0486, 'y': -0.0728, 'z': 0.1139}, 'gripper_width_mm': 15.8, 'gripper_force_n': 9.34}, {'waypoint_id': 6, 'timestamp_ms': 600, 'joint_angles': [2.7588, -1.2215, 0.5674, 2.854, 1.8526, 3.1062], 'ee_position': {'x': 0.1471, 'y': -0.0527, 'z': 0.1316}, 'gripper_width_mm': 14.2, 'gripper_force_n': 43.03}, {'waypoint_id': 7, 'timestamp_ms': 700, 'joint_angles': [-2.2669, -1.704, 2.1596, 1.6149, 2.4285, 3.0734], 'ee_position': {'x': 0.0933, 'y': -0.0707, 'z': 0.0945}, 'gripper_width_mm': 23.5, 'gripper_force_n': 35.89}]","{'camera_rgb': {'resolution': [640, 480], 'object_detected': True, 'bounding_box': [310, 268, 128, 88]}, 'depth_camera': {'mean_depth_m': 0.076, 'point_cloud_size': 45575}, 'force_torque': {'fx_n': -9.25, 'fy_n': -0.82, 'fz_n': -0.56, 'tx_nm': 0.319, 'ty_nm': -1.004, 'tz_nm': 0.28}, 'joint_torques': [4.7, -4.58, 2.18, -1.45, -2.57, 0.03]}",5872,False,,False,"{'x_min_m': -0.8, 'x_max_m': 0.8, 'y_min_m': -0.6, 'y_max_m': 0.6, 'z_min_m': 0.0, 'z_max_m': 1.2}",warehouse,dim,2026-08-08T00:01:52.656354+00:00,synthetic_robotics_simulation,True
ROBO-002188,bin_picking,parallel_gripper,"{'type': 'bearing', 'material': 'rubber', 'mass_kg': 2.439, 'dimensions_cm': {'length': 12.4, 'width': 19.6, 'height': 6.2}}","{'position': {'x': -0.201, 'y': 0.0176, 'z': 0.5131}, 'orientation': {'roll_rad': -2.0394, 'pitch_rad': 1.2098, 'yaw_rad': 0.8871}}","[{'waypoint_id': 0, 'timestamp_ms': 0, 'joint_angles': [-2.717, 1.4641, 0.0986, 1.5589, -1.1382, 0.7226], 'ee_position': {'x': -0.1931, 'y': 0.0358, 'z': 0.6597}, 'gripper_width_mm': 53.9, 'gripper_force_n': 41.85}, {'waypoint_id': 1, 'timestamp_ms': 100, 'joint_angles': [-2.6259, 1.451, -2.931, 0.8408, 2.1871, 2.0356], 'ee_position': {'x': -0.2408, 'y': 0.0488, 'z': 0.5214}, 'gripper_width_mm': 25.8, 'gripper_force_n': 35.17}, {'waypoint_id': 2, 'timestamp_ms': 200, 'joint_angles': [-0.665, 2.663, 2.7195, 0.0027, 0.3248, 2.2584], 'ee_position': {'x': -0.1634, 'y': 0.0158, 'z': 0.5751}, 'gripper_width_mm': 11.7, 'gripper_force_n': 23.52}, {'waypoint_id': 3, 'timestamp_ms': 300, 'joint_angles': [-0.6771, 0.0061, 1.3135, -2.2357, 1.6915, -0.1463], 'ee_position': {'x': -0.2479, 'y': 0.0582, 'z': 0.5196}, 'gripper_width_mm': 42.7, 'gripper_force_n': 43.14}, {'waypoint_id': 4, 'timestamp_ms': 400, 'joint_angles': [2.9346, -3.0526, -2.5621, -2.1432, 1.4286, -1.1407], 'ee_position': {'x': -0.2647, 'y': -0.0556, 'z': 0.5817}, 'gripper_width_mm': 84.5, 'gripper_force_n': 20.29}, {'waypoint_id': 5, 'timestamp_ms': 500, 'joint_angles': [-2.564, 2.5016, 0.9372, 1.8706, 2.6573, -1.2416], 'ee_position': {'x': -0.1252, 'y': 0.0766, 'z': 0.6959}, 'gripper_width_mm': 57.1, 'gripper_force_n': 15.68}, {'waypoint_id': 6, 'timestamp_ms': 600, 'joint_angles': [-2.6452, -1.8176, -2.8828, 0.0724, -1.591, -2.4525], 'ee_position': {'x': -0.1081, 'y': 0.0451, 'z': 0.6503}, 'gripper_width_mm': 31.2, 'gripper_force_n': 36.46}, {'waypoint_id': 7, 'timestamp_ms': 700, 'joint_angles': [2.3034, 0.9114, 2.7342, 2.5463, -0.5339, -2.3912], 'ee_position': {'x': -0.2376, 'y': -0.0721, 'z': 0.5555}, 'gripper_width_mm': 77.4, 'gripper_force_n': 42.99}]","{'camera_rgb': {'resolution': [640, 480], 'object_detected': True, 'bounding_box': [284, 134, 77, 148]}, 'depth_camera': {'mean_depth_m': 0.51, 'point_cloud_size': 41477}, 'force_torque': {'fx_n': 7.99, 'fy_n': -7.55, 'fz_n': 5.7, 'tx_nm': 1.714, 'ty_nm': 1.697, 'tz_nm': -0.201}, 'joint_torques': [-0.58, -1.8, 1.21, -1.41, -0.62, 4.05]}",774,False,slippage,False,"{'x_min_m': -0.8, 'x_max_m': 0.8, 'y_min_m': -0.6, 'y_max_m': 0.6, 'z_min_m': 0.0, 'z_max_m': 1.2}",outdoor,ir,2026-08-08T00:01:52.873013+00:00,synthetic_robotics_simulation,True
ROBO-001003,inspection,parallel_gripper,"{'type': 'cone', 'material': 'plastic_abs', 'mass_kg': 3.853, 'dimensions_cm': {'length': 2.7, 'width': 12.3, 'height': 14.8}}","{'position': {'x': 0.4237, 'y': 0.2436, 'z': 0.6541}, 'orientation': {'roll_rad': 0.5609, 'pitch_rad': 0.3688, 'yaw_rad': -0.0256}}","[{'waypoint_id': 0, 'timestamp_ms': 0, 'joint_angles': [-1.8709, 1.7985, -0.5604, 1.1604, -2.8841, -1.9136], 'ee_position': {'x': 0.438, 'y': 0.2191, 'z': 0.6564}, 'gripper_width_mm': 63.9, 'gripper_force_n': 5.2}, {'waypoint_id': 1, 'timestamp_ms': 100, 'joint_angles': [2.8409, 0.6975, 1.9869, 2.5394, 2.1179, 2.7923], 'ee_position': {'x': 0.3443, 'y': 0.1689, 'z': 0.6835}, 'gripper_width_mm': 58.3, 'gripper_force_n': 19.92}, {'waypoint_id': 2, 'timestamp_ms': 200, 'joint_angles': [-0.9255, -0.7642, -1.3685, 1.1357, -2.1599, -2.2762], 'ee_position': {'x': 0.3454, 'y': 0.2842, 'z': 0.7765}, 'gripper_width_mm': 24.1, 'gripper_force_n': 3.97}, {'waypoint_id': 3, 'timestamp_ms': 300, 'joint_angles': [0.8836, 2.8213, -3.1236, -0.7196, -2.6472, -1.5535], 'ee_position': {'x': 0.3682, 'y': 0.2556, 'z': 0.7033}, 'gripper_width_mm': 80.0, 'gripper_force_n': 20.91}, {'waypoint_id': 4, 'timestamp_ms': 400, 'joint_angles': [-1.677, 0.7739, -2.8992, 2.0661, -2.7273, -0.9582], 'ee_position': {'x': 0.4492, 'y': 0.1868, 'z': 0.7022}, 'gripper_width_mm': 0.0, 'gripper_force_n': 44.24}, {'waypoint_id': 5, 'timestamp_ms': 500, 'joint_angles': [-0.3745, -1.9095, -2.4846, -2.8513, 2.5025, -1.4506], 'ee_position': {'x': 0.4583, 'y': 0.2895, 'z': 0.7636}, 'gripper_width_mm': 37.1, 'gripper_force_n': 26.03}]","{'camera_rgb': {'resolution': [640, 480], 'object_detected': True, 'bounding_box': [124, 296, 61, 106]}, 'depth_camera': {'mean_depth_m': 0.66, 'point_cloud_size': 31613}, 'force_torque': {'fx_n': 5.03, 'fy_n': 2.0, 'fz_n': 15.76, 'tx_nm': 1.937, 'ty_nm': -0.735, 'tz_nm': -0.497}, 'joint_torques': [-1.92, -4.96, 1.07, 0.06, 0.99, -2.16]}",4465,True,,False,"{'x_min_m': -0.8, 'x_max_m': 0.8, 'y_min_m': -0.6, 'y_max_m': 0.6, 'z_min_m': 0.0, 'z_max_m': 1.2}",factory,uv,2026-08-08T00:01:52.688412+00:00,synthetic_robotics_simulation,True
ROBO-000670,packaging,delta,"{'type': 'nut', 'material': 'silicone', 'mass_kg': 0.368, 'dimensions_cm': {'length': 4.3, 'width': 10.8, 'height': 3.3}}","{'position': {'x': -0.0133, 'y': -0.3381, 'z': 0.6276}, 'orientation': {'roll_rad': 1.6197, 'pitch_rad': -0.8652, 'yaw_rad': -0.0053}}","[{'waypoint_id': 0, 'timestamp_ms': 0, 'joint_angles': [0.7382, -2.0459, -1.803, 0.4314, 2.4284, -1.8199], 'ee_position': {'x': -0.0995, 'y': -0.3597, 'z': 0.8218}, 'gripper_width_mm': 50.6, 'gripper_force_n': 28.88}, {'waypoint_id': 1, 'timestamp_ms': 100, 'joint_angles': [1.664, 2.3377, 0.9469, -0.5326, -1.7664, 0.5575], 'ee_position': {'x': 0.021, 'y': -0.2531, 'z': 0.7083}, 'gripper_width_mm': 52.0, 'gripper_force_n': 25.72}, {'waypoint_id': 2, 'timestamp_ms': 200, 'joint_angles': [2.3226, 0.1004, 2.3171, -2.2481, -1.1246, -1.8149], 'ee_position': {'x': -0.0891, 'y': -0.296, 'z': 0.736}, 'gripper_width_mm': 46.9, 'gripper_force_n': 45.81}, {'waypoint_id': 3, 'timestamp_ms': 300, 'joint_angles': [-2.6176, 1.045, -2.5092, -2.793, 0.6294, -0.2066], 'ee_position': {'x': -0.1076, 'y': -0.2637, 'z': 0.8158}, 'gripper_width_mm': 72.4, 'gripper_force_n': 17.2}, {'waypoint_id': 4, 'timestamp_ms': 400, 'joint_angles': [-0.3539, -0.7734, 2.7918, -3.0743, -2.8308, -2.1006], 'ee_position': {'x': -0.0366, 'y': -0.3941, 'z': 0.6488}, 'gripper_width_mm': 47.8, 'gripper_force_n': 3.86}, {'waypoint_id': 5, 'timestamp_ms': 500, 'joint_angles': [2.8654, -0.6384, 0.0068, 1.0798, -2.2316, 0.2626], 'ee_position': {'x': 0.02, 'y': -0.356, 'z': 0.7098}, 'gripper_width_mm': 41.1, 'gripper_force_n': 13.69}, {'waypoint_id': 6, 'timestamp_ms': 600, 'joint_angles': [-1.5124, 2.2935, 2.8491, -0.1643, -1.2276, 2.2095], 'ee_position': {'x': -0.0678, 'y': -0.3396, 'z': 0.7395}, 'gripper_width_mm': 57.7, 'gripper_force_n': 2.64}, {'waypoint_id': 7, 'timestamp_ms': 700, 'joint_angles': [-1.0648, -1.8798, -0.5238, 1.7645, 1.353, 0.6819], 'ee_position': {'x': -0.001, 'y': -0.4293, 'z': 0.6542}, 'gripper_width_mm': 18.9, 'gripper_force_n': 9.54}, {'waypoint_id': 8, 'timestamp_ms': 800, 'joint_angles': [0.1908, 2.871, 2.9985, -2.9617, 1.0407, -2.574], 'ee_position': {'x': -0.0566, 'y': -0.2598, 'z': 0.753}, 'gripper_width_mm': 59.1, 'gripper_force_n': 4.72}, {'waypoint_id': 9, 'timestamp_ms': 900, 'joint_angles': [1.5573, -2.2578, 0.3789, -2.1967, 1.9329, -1.7063], 'ee_position': {'x': 0.053, 'y': -0.334, 'z': 0.7576}, 'gripper_width_mm': 67.3, 'gripper_force_n': 39.55}]","{'camera_rgb': {'resolution': [640, 480], 'object_detected': True, 'bounding_box': [314, 156, 196, 128]}, 'depth_camera': {'mean_depth_m': 0.626, 'point_cloud_size': 17172}, 'force_torque': {'fx_n': -8.44, 'fy_n': 4.9, 'fz_n': -3.1, 'tx_nm': 0.118, 'ty_nm': -0.482, 'tz_nm': -0.701}, 'joint_torques': [0.6, -0.45, 1.64, -1.17, -4.82, -4.22]}",851,True,,False,"{'x_min_m': -0.8, 'x_max_m': 0.8, 'y_min_m': -0.6, 'y_max_m': 0.6, 'z_min_m': 0.0, 'z_max_m': 1.2}",factory,variable,2026-08-08T00:01:52.652356+00:00,synthetic_robotics_simulation,True
ROBO-001894,inspection,vacuum_gripper,"{'type': 'sphere', 'material': 'carbon_fiber', 'mass_kg': 3.922, 'dimensions_cm': {'length': 6.0, 'width': 4.5, 'height': 3.9}}","{'position': {'x': 0.0239, 'y': 0.0548, 'z': 0.6644}, 'orientation': {'roll_rad': -1.047, 'pitch_rad': -0.8579, 'yaw_rad': 0.5452}}","[{'waypoint_id': 0, 'timestamp_ms': 0, 'joint_angles': [2.3712, 2.5156, 1.4776, -1.8759, -0.0733, 2.3071], 'ee_position': {'x': -0.0252, 'y': -0.0038, 'z': 0.8291}, 'gripper_width_mm': 28.9, 'gripper_force_n': 33.98}, {'waypoint_id': 1, 'timestamp_ms': 100, 'joint_angles': [-1.6739, -2.3542, 0.9585, 2.9546, -0.2856, 2.5337], 'ee_position': {'x': -0.0462, 'y': 0.1349, 'z': 0.8238}, 'gripper_width_mm': 56.7, 'gripper_force_n': 28.25}, {'waypoint_id': 2, 'timestamp_ms': 200, 'joint_angles': [-1.1827, -1.8302, -2.1792, -2.3723, 0.1883, -0.7153], 'ee_position': {'x': 0.1232, 'y': -0.0054, 'z': 0.7834}, 'gripper_width_mm': 82.4, 'gripper_force_n': 38.08}, {'waypoint_id': 3, 'timestamp_ms': 300, 'joint_angles': [-0.0897, 1.9038, 1.1534, -0.9485, -1.2363, 0.6195], 'ee_position': {'x': -0.0236, 'y': -0.0238, 'z': 0.7939}, 'gripper_width_mm': 37.4, 'gripper_force_n': 9.9}, {'waypoint_id': 4, 'timestamp_ms': 400, 'joint_angles': [1.3614, 2.1264, 0.742, -2.0046, -1.0628, -1.5674], 'ee_position': {'x': -0.0304, 'y': 0.0259, 'z': 0.8565}, 'gripper_width_mm': 20.8, 'gripper_force_n': 42.6}, {'waypoint_id': 5, 'timestamp_ms': 500, 'joint_angles': [-1.0894, -1.5796, 1.7814, 0.3428, 2.3942, -1.962], 'ee_position': {'x': 0.122, 'y': 0.1328, 'z': 0.7117}, 'gripper_width_mm': 37.9, 'gripper_force_n': 1.94}, {'waypoint_id': 6, 'timestamp_ms': 600, 'joint_angles': [-1.2286, -1.4109, 0.2885, -1.811, 1.5755, -1.9703], 'ee_position': {'x': 0.0968, 'y': 0.0967, 'z': 0.8318}, 'gripper_width_mm': 75.3, 'gripper_force_n': 33.96}, {'waypoint_id': 7, 'timestamp_ms': 700, 'joint_angles': [0.3633, 1.022, 1.7764, -3.06, -1.6587, 0.4384], 'ee_position': {'x': 0.021, 'y': 0.0056, 'z': 0.8625}, 'gripper_width_mm': 35.9, 'gripper_force_n': 32.39}, {'waypoint_id': 8, 'timestamp_ms': 800, 'joint_angles': [1.818, 2.3643, -0.3583, 0.3493, 0.2388, 0.4563], 'ee_position': {'x': -0.0675, 'y': 0.1063, 'z': 0.7744}, 'gripper_width_mm': 25.8, 'gripper_force_n': 10.76}, {'waypoint_id': 9, 'timestamp_ms': 900, 'joint_angles': [-2.2257, 0.4564, -0.9635, -0.072, -1.612, 1.9659], 'ee_position': {'x': 0.1156, 'y': 0.0769, 'z': 0.764}, 'gripper_width_mm': 7.2, 'gripper_force_n': 48.14}]","{'camera_rgb': {'resolution': [640, 480], 'object_detected': True, 'bounding_box': [163, 141, 116, 89]}, 'depth_camera': {'mean_depth_m': 0.704, 'point_cloud_size': 41632}, 'force_torque': {'fx_n': 9.7, 'fy_n': 4.66, 'fz_n': -1.55, 'tx_nm': -0.577, 'ty_nm': 1.711, 'tz_nm': -0.726}, 'joint_torques': [4.5, -0.2, -2.92, -2.94, -2.75, -0.75]}",5645,True,,False,"{'x_min_m': -0.8, 'x_max_m': 0.8, 'y_min_m': -0.6, 'y_max_m': 0.6, 'z_min_m': 0.0, 'z_max_m': 1.2}",factory,ir,2026-08-08T00:01:52.827497+00:00,synthetic_robotics_simulation,True
ROBO-001555,palletizing,mobile_manipulator,"{'type': 'gear', 'material': 'plastic_abs', 'mass_kg': 1.083, 'dimensions_cm': {'length': 14.9, 'width': 2.4, 'height': 13.6}}","{'position': {'x': 0.3922, 'y': 0.3512, 'z': 0.0395}, 'orientation': {'roll_rad': 1.5095, 'pitch_rad': -0.0321, 'yaw_rad': 2.6942}}","[{'waypoint_id': 0, 'timestamp_ms': 0, 'joint_angles': [-2.9578, -2.7423, 1.1335, -1.5325, 1.1345, -2.8963], 'ee_position': {'x': 0.3215, 'y': 0.2573, 'z': 0.1856}, 'gripper_width_mm': 62.7, 'gripper_force_n': 4.16}, {'waypoint_id': 1, 'timestamp_ms': 100, 'joint_angles': [-1.9933, -1.3924, 0.7583, -1.316, 0.75, -2.5397], 'ee_position': {'x': 0.3177, 'y': 0.4397, 'z': 0.172}, 'gripper_width_mm': 84.7, 'gripper_force_n': 24.21}, {'waypoint_id': 2, 'timestamp_ms': 200, 'joint_angles': [3.001, -1.5543, 1.7144, 3.0833, 1.3002, -0.4243], 'ee_position': {'x': 0.3113, 'y': 0.3164, 'z': 0.0827}, 'gripper_width_mm': 61.4, 'gripper_force_n': 41.56}, {'waypoint_id': 3, 'timestamp_ms': 300, 'joint_angles': [2.3327, -0.6295, -0.3607, -2.4488, -2.9773, 1.0791], 'ee_position': {'x': 0.408, 'y': 0.4173, 'z': 0.1086}, 'gripper_width_mm': 50.0, 'gripper_force_n': 35.81}, {'waypoint_id': 4, 'timestamp_ms': 400, 'joint_angles': [-0.4419, 2.042, 1.2602, 1.4368, -0.4099, -1.2142], 'ee_position': {'x': 0.3258, 'y': 0.3683, 'z': 0.1072}, 'gripper_width_mm': 21.7, 'gripper_force_n': 5.46}, {'waypoint_id': 5, 'timestamp_ms': 500, 'joint_angles': [1.6734, -0.9951, 0.3602, 1.4348, -2.9288, 0.4339], 'ee_position': {'x': 0.293, 'y': 0.3091, 'z': 0.0508}, 'gripper_width_mm': 18.1, 'gripper_force_n': 4.29}, {'waypoint_id': 6, 'timestamp_ms': 600, 'joint_angles': [-3.123, 0.7559, 1.4376, 0.1103, 2.3099, -2.6352], 'ee_position': {'x': 0.3522, 'y': 0.3211, 'z': 0.1692}, 'gripper_width_mm': 49.8, 'gripper_force_n': 7.56}, {'waypoint_id': 7, 'timestamp_ms': 700, 'joint_angles': [-1.2221, -3.0606, 1.0973, -0.0242, -2.5376, -0.0103], 'ee_position': {'x': 0.4479, 'y': 0.3583, 'z': 0.1727}, 'gripper_width_mm': 4.5, 'gripper_force_n': 14.57}, {'waypoint_id': 8, 'timestamp_ms': 800, 'joint_angles': [1.7593, 1.0999, 1.2255, -2.3882, -2.6933, 1.7549], 'ee_position': {'x': 0.4324, 'y': 0.3959, 'z': 0.1903}, 'gripper_width_mm': 46.0, 'gripper_force_n': 18.88}, {'waypoint_id': 9, 'timestamp_ms': 900, 'joint_angles': [0.4277, -1.879, -2.3039, -1.0711, 2.8358, 0.6968], 'ee_position': {'x': 0.4037, 'y': 0.3956, 'z': 0.117}, 'gripper_width_mm': 69.9, 'gripper_force_n': 45.36}]","{'camera_rgb': {'resolution': [640, 480], 'object_detected': True, 'bounding_box': [113, 284, 162, 55]}, 'depth_camera': {'mean_depth_m': 0.086, 'point_cloud_size': 13815}, 'force_torque': {'fx_n': -8.08, 'fy_n': -9.43, 'fz_n': 7.05, 'tx_nm': -1.709, 'ty_nm': 1.924, 'tz_nm': 0.112}, 'joint_torques': [3.38, -4.75, -1.63, -3.24, -2.19, -4.52]}",6469,True,,False,"{'x_min_m': -0.8, 'x_max_m': 0.8, 'y_min_m': -0.6, 'y_max_m': 0.6, 'z_min_m': 0.0, 'z_max_m': 1.2}",warehouse,variable,2026-08-08T00:01:52.776496+00:00,synthetic_robotics_simulation,True
ROBO-001106,surface_cleaning,6dof_arm,"{'type': 'rectangular_box', 'material': 'carbon_fiber', 'mass_kg': 1.938, 'dimensions_cm': {'length': 5.3, 'width': 6.2, 'height': 7.5}}","{'position': {'x': -0.3793, 'y': -0.3395, 'z': 0.2844}, 'orientation': {'roll_rad': -2.3052, 'pitch_rad': -1.3743, 'yaw_rad': 0.0549}}","[{'waypoint_id': 0, 'timestamp_ms': 0, 'joint_angles': [2.9922, 0.2932, 0.8948, 2.1834, 0.3384, 0.9071], 'ee_position': {'x': -0.4472, 'y': -0.371, 'z': 0.2895}, 'gripper_width_mm': 41.9, 'gripper_force_n': 19.06}, {'waypoint_id': 1, 'timestamp_ms': 100, 'joint_angles': [-2.2089, 2.1062, -2.3888, -0.9111, -0.3248, 0.6923], 'ee_position': {'x': -0.4541, 'y': -0.4288, 'z': 0.3808}, 'gripper_width_mm': 17.8, 'gripper_force_n': 27.03}, {'waypoint_id': 2, 'timestamp_ms': 200, 'joint_angles': [0.4796, 2.8428, 2.938, 0.6933, -0.016, -1.04], 'ee_position': {'x': -0.3614, 'y': -0.31, 'z': 0.367}, 'gripper_width_mm': 41.0, 'gripper_force_n': 21.84}]","{'camera_rgb': {'resolution': [640, 480], 'object_detected': True, 'bounding_box': [134, 201, 153, 95]}, 'depth_camera': {'mean_depth_m': 0.277, 'point_cloud_size': 20719}, 'force_torque': {'fx_n': -9.53, 'fy_n': -7.8, 'fz_n': 5.74, 'tx_nm': 0.115, 'ty_nm': 0.256, 'tz_nm': 0.72}, 'joint_torques': [-1.44, 3.5, 2.86, 4.6, -0.26, -2.46]}",1353,True,,False,"{'x_min_m': -0.8, 'x_max_m': 0.8, 'y_min_m': -0.6, 'y_max_m': 0.6, 'z_min_m': 0.0, 'z_max_m': 1.2}",factory,variable,2026-08-08T00:01:52.700411+00:00,synthetic_robotics_simulation,True
ROBO-002282,surface_cleaning,mobile_manipulator,"{'type': 'cylinder', 'material': 'rubber', 'mass_kg': 1.663, 'dimensions_cm': {'length': 7.6, 'width': 6.3, 'height': 6.8}}","{'position': {'x': -0.0523, 'y': 0.4663, 'z': 0.4957}, 'orientation': {'roll_rad': 0.7424, 'pitch_rad': 0.291, 'yaw_rad': 2.5744}}","[{'waypoint_id': 0, 'timestamp_ms': 0, 'joint_angles': [-2.228, 0.9874, 2.4179, 2.149, -1.423, -0.1528], 'ee_position': {'x': -0.0999, 'y': 0.4478, 'z': 0.592}, 'gripper_width_mm': 8.4, 'gripper_force_n': 5.94}, {'waypoint_id': 1, 'timestamp_ms': 100, 'joint_angles': [-2.7361, -2.1643, 2.9543, -0.1924, 0.5067, 1.5063], 'ee_position': {'x': -0.1411, 'y': 0.5496, 'z': 0.5276}, 'gripper_width_mm': 24.4, 'gripper_force_n': 47.47}, {'waypoint_id': 2, 'timestamp_ms': 200, 'joint_angles': [1.0543, -2.0421, 2.6302, -1.6051, 2.9836, -0.316], 'ee_position': {'x': 0.0022, 'y': 0.4872, 'z': 0.6435}, 'gripper_width_mm': 5.4, 'gripper_force_n': 31.08}, {'waypoint_id': 3, 'timestamp_ms': 300, 'joint_angles': [-1.2524, 0.97, -0.2936, 0.2092, -1.6547, -2.9058], 'ee_position': {'x': -0.0472, 'y': 0.4111, 'z': 0.4979}, 'gripper_width_mm': 34.3, 'gripper_force_n': 46.7}, {'waypoint_id': 4, 'timestamp_ms': 400, 'joint_angles': [1.3721, -1.0484, 0.9258, 1.6011, -1.8936, 2.1839], 'ee_position': {'x': -0.0215, 'y': 0.5228, 'z': 0.5166}, 'gripper_width_mm': 17.7, 'gripper_force_n': 37.1}, {'waypoint_id': 5, 'timestamp_ms': 500, 'joint_angles': [3.0012, -2.15, 2.8397, 2.4183, -1.0015, -2.6348], 'ee_position': {'x': 0.0456, 'y': 0.5079, 'z': 0.5266}, 'gripper_width_mm': 43.3, 'gripper_force_n': 21.86}, {'waypoint_id': 6, 'timestamp_ms': 600, 'joint_angles': [2.7794, 2.6452, -0.0464, 3.0244, -2.365, 0.9689], 'ee_position': {'x': -0.129, 'y': 0.5424, 'z': 0.6665}, 'gripper_width_mm': 4.7, 'gripper_force_n': 21.2}, {'waypoint_id': 7, 'timestamp_ms': 700, 'joint_angles': [-1.6417, -0.1476, -0.495, 2.005, -2.0079, 0.765], 'ee_position': {'x': -0.0277, 'y': 0.5635, 'z': 0.6905}, 'gripper_width_mm': 40.9, 'gripper_force_n': 16.53}, {'waypoint_id': 8, 'timestamp_ms': 800, 'joint_angles': [0.8245, -0.1845, 0.7735, -0.5643, 1.1922, 0.0675], 'ee_position': {'x': -0.1068, 'y': 0.478, 'z': 0.6359}, 'gripper_width_mm': 64.9, 'gripper_force_n': 47.36}]","{'camera_rgb': {'resolution': [640, 480], 'object_detected': True, 'bounding_box': [127, 260, 137, 67]}, 'depth_camera': {'mean_depth_m': 0.542, 'point_cloud_size': 27893}, 'force_torque': {'fx_n': -0.48, 'fy_n': 4.75, 'fz_n': -1.82, 'tx_nm': -1.628, 'ty_nm': 1.939, 'tz_nm': -0.245}, 'joint_torques': [-2.45, 3.54, -3.54, -2.83, 4.53, 4.93]}",6840,True,,False,"{'x_min_m': -0.8, 'x_max_m': 0.8, 'y_min_m': -0.6, 'y_max_m': 0.6, 'z_min_m': 0.0, 'z_max_m': 1.2}",kitchen,bright,2026-08-08T00:01:52.941018+00:00,synthetic_robotics_simulation,True
ROBO-000900,palletizing,parallel_gripper,"{'type': 'motor', 'material': 'wood', 'mass_kg': 2.87, 'dimensions_cm': {'length': 13.3, 'width': 7.8, 'height': 6.1}}","{'position': {'x': -0.3934, 'y': -0.0913, 'z': 0.3568}, 'orientation': {'roll_rad': 2.4764, 'pitch_rad': -0.4687, 'yaw_rad': -0.8218}}","[{'waypoint_id': 0, 'timestamp_ms': 0, 'joint_angles': [-2.6027, 1.7815, 0.8914, -1.7295, -1.1584, 3.0702], 'ee_position': {'x': -0.4805, 'y': -0.0221, 'z': 0.3996}, 'gripper_width_mm': 68.8, 'gripper_force_n': 25.09}, {'waypoint_id': 1, 'timestamp_ms': 100, 'joint_angles': [-1.6141, -2.3903, -2.1221, -2.9315, 1.0098, -0.5125], 'ee_position': {'x': -0.382, 'y': -0.0485, 'z': 0.5014}, 'gripper_width_mm': 53.4, 'gripper_force_n': 8.94}, {'waypoint_id': 2, 'timestamp_ms': 200, 'joint_angles': [2.49, 1.3862, -0.1987, 0.9122, 2.0593, -1.66], 'ee_position': {'x': -0.3208, 'y': -0.1412, 'z': 0.3927}, 'gripper_width_mm': 47.8, 'gripper_force_n': 39.48}, {'waypoint_id': 3, 'timestamp_ms': 300, 'joint_angles': [2.0789, -2.6709, -1.5685, 2.2164, 0.3131, -0.6348], 'ee_position': {'x': -0.2951, 'y': -0.0594, 'z': 0.479}, 'gripper_width_mm': 13.1, 'gripper_force_n': 37.14}, {'waypoint_id': 4, 'timestamp_ms': 400, 'joint_angles': [-0.2443, 2.3859, 1.3353, 1.7554, -1.1358, -0.6579], 'ee_position': {'x': -0.3928, 'y': -0.0497, 'z': 0.497}, 'gripper_width_mm': 17.4, 'gripper_force_n': 48.49}, {'waypoint_id': 5, 'timestamp_ms': 500, 'joint_angles': [-2.7393, -0.4547, -2.1901, 1.3748, -1.8825, -0.1709], 'ee_position': {'x': -0.4088, 'y': -0.0658, 'z': 0.3852}, 'gripper_width_mm': 60.0, 'gripper_force_n': 33.57}]","{'camera_rgb': {'resolution': [640, 480], 'object_detected': True, 'bounding_box': [147, 199, 194, 84]}, 'depth_camera': {'mean_depth_m': 0.36, 'point_cloud_size': 37686}, 'force_torque': {'fx_n': -9.42, 'fy_n': 6.07, 'fz_n': 16.06, 'tx_nm': -0.051, 'ty_nm': 1.797, 'tz_nm': -0.922}, 'joint_torques': [4.25, 1.17, 2.88, -1.55, -4.26, -3.74]}",4315,True,,False,"{'x_min_m': -0.8, 'x_max_m': 0.8, 'y_min_m': -0.6, 'y_max_m': 0.6, 'z_min_m': 0.0, 'z_max_m': 1.2}",kitchen,ir,2026-08-08T00:01:52.676411+00:00,synthetic_robotics_simulation,True
ROBO-001329,palletizing,parallel_gripper,"{'type': 'bearing', 'material': 'rubber', 'mass_kg': 2.33, 'dimensions_cm': {'length': 25.1, 'width': 14.6, 'height': 6.0}}","{'position': {'x': -0.1688, 'y': -0.1385, 'z': 0.6408}, 'orientation': {'roll_rad': -2.9518, 'pitch_rad': 0.9537, 'yaw_rad': -3.0186}}","[{'waypoint_id': 0, 'timestamp_ms': 0, 'joint_angles': [1.8865, 0.2207, -1.207, -1.7521, -2.1734, -1.7886], 'ee_position': {'x': -0.2468, 'y': -0.2184, 'z': 0.7645}, 'gripper_width_mm': 50.6, 'gripper_force_n': 19.11}, {'waypoint_id': 1, 'timestamp_ms': 100, 'joint_angles': [1.792, 3.1363, 1.0548, 0.2199, -2.9977, 3.0111], 'ee_position': {'x': -0.0796, 'y': -0.211, 'z': 0.6766}, 'gripper_width_mm': 24.3, 'gripper_force_n': 12.35}, {'waypoint_id': 2, 'timestamp_ms': 200, 'joint_angles': [2.2387, 1.8539, -1.1766, -1.8851, 2.2217, -0.022], 'ee_position': {'x': -0.1441, 'y': -0.1275, 'z': 0.8173}, 'gripper_width_mm': 30.4, 'gripper_force_n': 22.26}, {'waypoint_id': 3, 'timestamp_ms': 300, 'joint_angles': [-1.8861, 0.8304, 3.0585, -0.3306, -1.5306, -0.4434], 'ee_position': {'x': -0.2306, 'y': -0.0642, 'z': 0.7945}, 'gripper_width_mm': 72.9, 'gripper_force_n': 4.02}, {'waypoint_id': 4, 'timestamp_ms': 400, 'joint_angles': [-3.0398, 2.4599, -0.5726, 0.3657, 2.1299, -2.019], 'ee_position': {'x': -0.1749, 'y': -0.2295, 'z': 0.7112}, 'gripper_width_mm': 16.5, 'gripper_force_n': 19.85}]","{'camera_rgb': {'resolution': [640, 480], 'object_detected': True, 'bounding_box': [317, 176, 161, 78]}, 'depth_camera': {'mean_depth_m': 0.597, 'point_cloud_size': 15519}, 'force_torque': {'fx_n': -0.49, 'fy_n': -0.74, 'fz_n': 4.89, 'tx_nm': 1.3, 'ty_nm': 1.062, 'tz_nm': -0.082}, 'joint_torques': [2.06, 1.03, -2.74, -0.29, -1.13, -4.65]}",4421,True,,True,"{'x_min_m': -0.8, 'x_max_m': 0.8, 'y_min_m': -0.6, 'y_max_m': 0.6, 'z_min_m': 0.0, 'z_max_m': 1.2}",kitchen,uv,2026-08-08T00:01:52.752417+00:00,synthetic_robotics_simulation,True
ROBO-000230,welding,vacuum_gripper,"{'type': 'chip_package', 'material': 'silicone', 'mass_kg': 1.531, 'dimensions_cm': {'length': 28.5, 'width': 15.9, 'height': 14.7}}","{'position': {'x': 0.4208, 'y': 0.2285, 'z': 0.6685}, 'orientation': {'roll_rad': -0.5175, 'pitch_rad': 0.1451, 'yaw_rad': -2.0539}}","[{'waypoint_id': 0, 'timestamp_ms': 0, 'joint_angles': [3.0396, -3.0921, -0.4816, -2.4779, 0.7347, 3.0138], 'ee_position': {'x': 0.4759, 'y': 0.3087, 'z': 0.6908}, 'gripper_width_mm': 54.5, 'gripper_force_n': 8.4}, {'waypoint_id': 1, 'timestamp_ms': 100, 'joint_angles': [-1.4031, -2.6782, 2.297, -1.1201, 0.2556, -1.5168], 'ee_position': {'x': 0.4783, 'y': 0.3001, 'z': 0.7565}, 'gripper_width_mm': 14.4, 'gripper_force_n': 15.18}, {'waypoint_id': 2, 'timestamp_ms': 200, 'joint_angles': [1.9661, -1.9952, 1.8076, -2.5079, 3.0445, 2.868], 'ee_position': {'x': 0.3267, 'y': 0.1701, 'z': 0.6749}, 'gripper_width_mm': 49.0, 'gripper_force_n': 25.17}, {'waypoint_id': 3, 'timestamp_ms': 300, 'joint_angles': [0.6407, 0.0113, 3.1176, 0.7375, -0.7233, -1.6277], 'ee_position': {'x': 0.5174, 'y': 0.1464, 'z': 0.671}, 'gripper_width_mm': 64.1, 'gripper_force_n': 37.09}, {'waypoint_id': 4, 'timestamp_ms': 400, 'joint_angles': [-1.3155, -0.4267, 1.7281, -0.0418, 0.8428, -1.9821], 'ee_position': {'x': 0.5006, 'y': 0.1521, 'z': 0.7986}, 'gripper_width_mm': 15.0, 'gripper_force_n': 0.97}, {'waypoint_id': 5, 'timestamp_ms': 500, 'joint_angles': [-0.069, 0.7424, -0.7186, 1.7578, -0.0651, -2.8285], 'ee_position': {'x': 0.3873, 'y': 0.2721, 'z': 0.7648}, 'gripper_width_mm': 17.2, 'gripper_force_n': 16.13}, {'waypoint_id': 6, 'timestamp_ms': 600, 'joint_angles': [2.434, 1.7511, -1.9243, 1.996, -0.8346, -1.0713], 'ee_position': {'x': 0.3992, 'y': 0.2289, 'z': 0.8255}, 'gripper_width_mm': 63.6, 'gripper_force_n': 33.28}, {'waypoint_id': 7, 'timestamp_ms': 700, 'joint_angles': [-0.4116, 2.5644, 2.2793, -2.67, -0.3692, -1.5075], 'ee_position': {'x': 0.3672, 'y': 0.2883, 'z': 0.7962}, 'gripper_width_mm': 58.0, 'gripper_force_n': 29.53}, {'waypoint_id': 8, 'timestamp_ms': 800, 'joint_angles': [-2.3026, -1.2264, 0.1939, 1.371, 1.9723, 2.5065], 'ee_position': {'x': 0.3663, 'y': 0.1805, 'z': 0.8213}, 'gripper_width_mm': 48.9, 'gripper_force_n': 36.59}, {'waypoint_id': 9, 'timestamp_ms': 900, 'joint_angles': [-2.7, -1.3269, 0.2195, 0.7435, -2.6267, 1.9752], 'ee_position': {'x': 0.453, 'y': 0.131, 'z': 0.7013}, 'gripper_width_mm': 36.1, 'gripper_force_n': 16.83}]","{'camera_rgb': {'resolution': [640, 480], 'object_detected': True, 'bounding_box': [101, 187, 88, 142]}, 'depth_camera': {'mean_depth_m': 0.714, 'point_cloud_size': 25677}, 'force_torque': {'fx_n': 3.54, 'fy_n': 6.95, 'fz_n': -2.08, 'tx_nm': -0.422, 'ty_nm': -1.123, 'tz_nm': -0.121}, 'joint_torques': [-1.15, 4.94, 2.17, -3.79, -1.3, 2.91]}",2345,True,,False,"{'x_min_m': -0.8, 'x_max_m': 0.8, 'y_min_m': -0.6, 'y_max_m': 0.6, 'z_min_m': 0.0, 'z_max_m': 1.2}",kitchen,dim,2026-08-08T00:01:52.538817+00:00,synthetic_robotics_simulation,True
ROBO-000939,quality_check,delta,"{'type': 'rectangular_box', 'material': 'wood', 'mass_kg': 1.976, 'dimensions_cm': {'length': 20.4, 'width': 14.2, 'height': 1.4}}","{'position': {'x': -0.1677, 'y': 0.1163, 'z': 0.739}, 'orientation': {'roll_rad': -2.1002, 'pitch_rad': 1.4926, 'yaw_rad': 3.0021}}","[{'waypoint_id': 0, 'timestamp_ms': 0, 'joint_angles': [2.9641, 0.987, -2.0227, -0.0126, 1.5818, 2.5555], 'ee_position': {'x': -0.1433, 'y': 0.0803, 'z': 0.8434}, 'gripper_width_mm': 32.6, 'gripper_force_n': 36.63}, {'waypoint_id': 1, 'timestamp_ms': 100, 'joint_angles': [1.1839, 2.6636, 1.8214, 1.1102, -1.1992, 2.187], 'ee_position': {'x': -0.2087, 'y': 0.0633, 'z': 0.8182}, 'gripper_width_mm': 80.9, 'gripper_force_n': 31.87}, {'waypoint_id': 2, 'timestamp_ms': 200, 'joint_angles': [-0.5274, -2.3728, 2.3563, 1.4987, -1.429, 1.2748], 'ee_position': {'x': -0.2648, 'y': 0.1169, 'z': 0.8891}, 'gripper_width_mm': 58.6, 'gripper_force_n': 20.63}, {'waypoint_id': 3, 'timestamp_ms': 300, 'joint_angles': [2.604, 1.9868, -0.7159, 1.5104, -1.6291, 1.5012], 'ee_position': {'x': -0.0854, 'y': 0.1738, 'z': 0.8011}, 'gripper_width_mm': 5.0, 'gripper_force_n': 7.97}, {'waypoint_id': 4, 'timestamp_ms': 400, 'joint_angles': [1.2413, 2.1483, -1.773, -1.4552, -0.3134, 0.5697], 'ee_position': {'x': -0.1677, 'y': 0.1936, 'z': 0.8264}, 'gripper_width_mm': 78.5, 'gripper_force_n': 43.9}]","{'camera_rgb': {'resolution': [640, 480], 'object_detected': True, 'bounding_box': [348, 251, 191, 131]}, 'depth_camera': {'mean_depth_m': 0.709, 'point_cloud_size': 1578}, 'force_torque': {'fx_n': -1.15, 'fy_n': 5.16, 'fz_n': 0.45, 'tx_nm': -0.277, 'ty_nm': -0.45, 'tz_nm': -0.063}, 'joint_torques': [0.83, 2.92, 3.26, -4.99, -3.22, 3.49]}",3052,True,,False,"{'x_min_m': -0.8, 'x_max_m': 0.8, 'y_min_m': -0.6, 'y_max_m': 0.6, 'z_min_m': 0.0, 'z_max_m': 1.2}",outdoor,uv,2026-08-08T00:01:52.681411+00:00,synthetic_robotics_simulation,True
ROBO-000132,packaging,scara,"{'type': 'bottle', 'material': 'wood', 'mass_kg': 2.598, 'dimensions_cm': {'length': 10.0, 'width': 5.0, 'height': 2.5}}","{'position': {'x': 0.0251, 'y': -0.4399, 'z': 0.1907}, 'orientation': {'roll_rad': -1.741, 'pitch_rad': -0.616, 'yaw_rad': -1.7065}}","[{'waypoint_id': 0, 'timestamp_ms': 0, 'joint_angles': [-2.2774, -3.0923, -0.7817, -2.1573, -0.6675, 0.9947], 'ee_position': {'x': -0.0514, 'y': -0.3478, 'z': 0.3818}, 'gripper_width_mm': 46.3, 'gripper_force_n': 12.88}, {'waypoint_id': 1, 'timestamp_ms': 100, 'joint_angles': [-2.9552, 0.8821, 1.7097, -1.7381, 2.6285, 2.8985], 'ee_position': {'x': 0.0039, 'y': -0.4492, 'z': 0.2094}, 'gripper_width_mm': 74.8, 'gripper_force_n': 1.89}, {'waypoint_id': 2, 'timestamp_ms': 200, 'joint_angles': [-1.8544, -1.4729, 1.0357, 1.6983, -1.0027, -2.3263], 'ee_position': {'x': 0.0204, 'y': -0.4761, 'z': 0.2855}, 'gripper_width_mm': 28.2, 'gripper_force_n': 7.36}, {'waypoint_id': 3, 'timestamp_ms': 300, 'joint_angles': [3.0311, 0.3732, -0.6195, -2.5409, -1.5979, 0.0556], 'ee_position': {'x': -0.046, 'y': -0.3909, 'z': 0.2621}, 'gripper_width_mm': 24.0, 'gripper_force_n': 32.78}]","{'camera_rgb': {'resolution': [640, 480], 'object_detected': True, 'bounding_box': [131, 296, 163, 112]}, 'depth_camera': {'mean_depth_m': 0.18, 'point_cloud_size': 41008}, 'force_torque': {'fx_n': 8.05, 'fy_n': 3.87, 'fz_n': 9.9, 'tx_nm': 1.172, 'ty_nm': -1.303, 'tz_nm': -0.986}, 'joint_torques': [-4.11, 3.17, -3.13, -1.62, -1.88, -0.24]}",3294,True,,False,"{'x_min_m': -0.8, 'x_max_m': 0.8, 'y_min_m': -0.6, 'y_max_m': 0.6, 'z_min_m': 0.0, 'z_max_m': 1.2}",kitchen,variable,2026-08-08T00:01:52.528817+00:00,synthetic_robotics_simulation,True
ROBO-001293,packaging,delta,"{'type': 'bearing', 'material': 'silicone', 'mass_kg': 1.848, 'dimensions_cm': {'length': 17.3, 'width': 13.3, 'height': 12.4}}","{'position': {'x': -0.4733, 'y': 0.0327, 'z': 0.0129}, 'orientation': {'roll_rad': -0.5428, 'pitch_rad': 0.6334, 'yaw_rad': 2.0391}}","[{'waypoint_id': 0, 'timestamp_ms': 0, 'joint_angles': [0.2559, 3.1003, 1.0383, -2.3725, -2.5691, -2.2716], 'ee_position': {'x': -0.4782, 'y': 0.0576, 'z': 0.0447}, 'gripper_width_mm': 72.6, 'gripper_force_n': 19.94}, {'waypoint_id': 1, 'timestamp_ms': 100, 'joint_angles': [-0.1687, -2.0132, -2.3117, 0.6423, 1.4024, -0.0489], 'ee_position': {'x': -0.504, 'y': -0.0255, 'z': 0.07}, 'gripper_width_mm': 80.6, 'gripper_force_n': 7.23}, {'waypoint_id': 2, 'timestamp_ms': 200, 'joint_angles': [-0.6919, 1.5671, 0.4511, 1.7171, 0.0884, -2.872], 'ee_position': {'x': -0.4353, 'y': -0.0008, 'z': 0.147}, 'gripper_width_mm': 81.8, 'gripper_force_n': 33.46}, {'waypoint_id': 3, 'timestamp_ms': 300, 'joint_angles': [-3.137, 2.5779, -1.9302, -1.4857, 0.9655, -3.0655], 'ee_position': {'x': -0.5358, 'y': -0.0288, 'z': 0.1044}, 'gripper_width_mm': 83.3, 'gripper_force_n': 18.69}]","{'camera_rgb': {'resolution': [640, 480], 'object_detected': True, 'bounding_box': [142, 178, 131, 90]}, 'depth_camera': {'mean_depth_m': -0.025, 'point_cloud_size': 6972}, 'force_torque': {'fx_n': 5.85, 'fy_n': -0.72, 'fz_n': 6.15, 'tx_nm': -1.164, 'ty_nm': 1.648, 'tz_nm': -0.043}, 'joint_torques': [3.47, 0.94, -4.19, -4.57, 0.02, -0.92]}",1981,True,,False,"{'x_min_m': -0.8, 'x_max_m': 0.8, 'y_min_m': -0.6, 'y_max_m': 0.6, 'z_min_m': 0.0, 'z_max_m': 1.2}",factory,uv,2026-08-08T00:01:52.748418+00:00,synthetic_robotics_simulation,True
ROBO-001644,assembly,scara,"{'type': 'nut', 'material': 'wood', 'mass_kg': 0.38, 'dimensions_cm': {'length': 8.6, 'width': 8.0, 'height': 7.1}}","{'position': {'x': -0.4833, 'y': -0.1544, 'z': 0.6115}, 'orientation': {'roll_rad': 1.699, 'pitch_rad': -0.1873, 'yaw_rad': -1.2929}}","[{'waypoint_id': 0, 'timestamp_ms': 0, 'joint_angles': [3.0531, -0.064, 1.636, 0.9912, -0.7174, -0.9914], 'ee_position': {'x': -0.5465, 'y': -0.1724, 'z': 0.6682}, 'gripper_width_mm': 47.8, 'gripper_force_n': 11.98}, {'waypoint_id': 1, 'timestamp_ms': 100, 'joint_angles': [2.6951, 0.9892, 0.404, -0.7698, 0.4622, 1.5227], 'ee_position': {'x': -0.5654, 'y': -0.2067, 'z': 0.7627}, 'gripper_width_mm': 27.4, 'gripper_force_n': 1.18}, {'waypoint_id': 2, 'timestamp_ms': 200, 'joint_angles': [-0.4549, 0.3056, -2.2484, -3.1206, -0.2266, 1.0725], 'ee_position': {'x': -0.4154, 'y': -0.2028, 'z': 0.7211}, 'gripper_width_mm': 73.1, 'gripper_force_n': 11.63}, {'waypoint_id': 3, 'timestamp_ms': 300, 'joint_angles': [2.0965, 1.2978, -1.4235, -0.4436, 0.1549, 2.8218], 'ee_position': {'x': -0.5445, 'y': -0.2303, 'z': 0.7893}, 'gripper_width_mm': 25.3, 'gripper_force_n': 41.34}, {'waypoint_id': 4, 'timestamp_ms': 400, 'joint_angles': [1.279, -2.986, -2.7798, -0.4104, -2.2135, -0.2432], 'ee_position': {'x': -0.4635, 'y': -0.1468, 'z': 0.6514}, 'gripper_width_mm': 27.0, 'gripper_force_n': 11.45}, {'waypoint_id': 5, 'timestamp_ms': 500, 'joint_angles': [-2.9702, -1.1131, 1.1941, 2.4573, 1.3855, -1.8466], 'ee_position': {'x': -0.5389, 'y': -0.2116, 'z': 0.6325}, 'gripper_width_mm': 58.6, 'gripper_force_n': 8.68}, {'waypoint_id': 6, 'timestamp_ms': 600, 'joint_angles': [1.4712, 1.261, -0.6706, -1.343, 2.3482, -1.7369], 'ee_position': {'x': -0.5293, 'y': -0.114, 'z': 0.6403}, 'gripper_width_mm': 18.3, 'gripper_force_n': 6.05}, {'waypoint_id': 7, 'timestamp_ms': 700, 'joint_angles': [2.0551, 2.6379, -1.276, 0.2853, 1.021, 0.2354], 'ee_position': {'x': -0.5295, 'y': -0.1741, 'z': 0.7068}, 'gripper_width_mm': 17.7, 'gripper_force_n': 45.17}]","{'camera_rgb': {'resolution': [640, 480], 'object_detected': True, 'bounding_box': [279, 203, 171, 93]}, 'depth_camera': {'mean_depth_m': 0.565, 'point_cloud_size': 6838}, 'force_torque': {'fx_n': 3.9, 'fy_n': 6.99, 'fz_n': 19.03, 'tx_nm': 1.268, 'ty_nm': 0.776, 'tz_nm': -0.782}, 'joint_torques': [1.31, 4.83, -3.28, -2.77, -1.02, 1.18]}",7832,True,,True,"{'x_min_m': -0.8, 'x_max_m': 0.8, 'y_min_m': -0.6, 'y_max_m': 0.6, 'z_min_m': 0.0, 'z_max_m': 1.2}",kitchen,ir,2026-08-08T00:01:52.801497+00:00,synthetic_robotics_simulation,True
ROBO-001097,assembly,humanoid,"{'type': 'cube', 'material': 'steel', 'mass_kg': 0.113, 'dimensions_cm': {'length': 1.7, 'width': 6.8, 'height': 1.1}}","{'position': {'x': 0.0126, 'y': 0.0229, 'z': 0.4188}, 'orientation': {'roll_rad': -1.1846, 'pitch_rad': 0.4368, 'yaw_rad': 2.091}}","[{'waypoint_id': 0, 'timestamp_ms': 0, 'joint_angles': [3.0825, -1.3226, 0.7269, -1.0258, -0.978, 0.2364], 'ee_position': {'x': 0.0267, 'y': -0.0169, 'z': 0.6102}, 'gripper_width_mm': 6.4, 'gripper_force_n': 37.54}, {'waypoint_id': 1, 'timestamp_ms': 100, 'joint_angles': [-0.9738, -3.068, 0.4104, 0.8259, -0.9903, 1.0457], 'ee_position': {'x': -0.0372, 'y': 0.0862, 'z': 0.6014}, 'gripper_width_mm': 39.3, 'gripper_force_n': 11.92}, {'waypoint_id': 2, 'timestamp_ms': 200, 'joint_angles': [-2.6643, 1.988, -3.0946, -1.0195, -0.158, -0.3455], 'ee_position': {'x': -0.025, 'y': -0.0726, 'z': 0.5403}, 'gripper_width_mm': 27.0, 'gripper_force_n': 9.79}, {'waypoint_id': 3, 'timestamp_ms': 300, 'joint_angles': [-1.4849, 0.7843, 2.8726, -3.0851, 2.8559, -0.747], 'ee_position': {'x': 0.0338, 'y': -0.0122, 'z': 0.5307}, 'gripper_width_mm': 76.6, 'gripper_force_n': 32.84}, {'waypoint_id': 4, 'timestamp_ms': 400, 'joint_angles': [2.1256, -0.8105, -2.795, 0.4709, -1.108, 0.7033], 'ee_position': {'x': -0.0032, 'y': 0.1099, 'z': 0.4669}, 'gripper_width_mm': 62.5, 'gripper_force_n': 42.94}, {'waypoint_id': 5, 'timestamp_ms': 500, 'joint_angles': [-3.0918, -2.8645, -3.0412, -1.0043, -1.0095, -0.0806], 'ee_position': {'x': -0.0173, 'y': 0.0441, 'z': 0.4238}, 'gripper_width_mm': 76.7, 'gripper_force_n': 23.45}, {'waypoint_id': 6, 'timestamp_ms': 600, 'joint_angles': [1.0409, -3.1377, 0.5146, 2.2213, 2.9812, -2.0225], 'ee_position': {'x': -0.0613, 'y': 0.0836, 'z': 0.5168}, 'gripper_width_mm': 60.1, 'gripper_force_n': 43.65}, {'waypoint_id': 7, 'timestamp_ms': 700, 'joint_angles': [2.8967, 0.8511, -0.1487, 3.1034, -1.7497, 2.7837], 'ee_position': {'x': -0.0466, 'y': -0.0705, 'z': 0.5008}, 'gripper_width_mm': 75.2, 'gripper_force_n': 6.98}, {'waypoint_id': 8, 'timestamp_ms': 800, 'joint_angles': [-1.0023, -0.6153, -1.7588, 2.9063, 1.0224, -0.573], 'ee_position': {'x': -0.0145, 'y': -0.0135, 'z': 0.4712}, 'gripper_width_mm': 81.8, 'gripper_force_n': 17.0}, {'waypoint_id': 9, 'timestamp_ms': 900, 'joint_angles': [0.3273, -0.3488, -2.2153, -1.223, 0.2795, 0.6806], 'ee_position': {'x': 0.1033, 'y': -0.0758, 'z': 0.5355}, 'gripper_width_mm': 80.5, 'gripper_force_n': 14.04}]","{'camera_rgb': {'resolution': [640, 480], 'object_detected': True, 'bounding_box': [352, 273, 60, 122]}, 'depth_camera': {'mean_depth_m': 0.447, 'point_cloud_size': 24407}, 'force_torque': {'fx_n': 3.91, 'fy_n': 6.49, 'fz_n': 3.44, 'tx_nm': -1.029, 'ty_nm': 0.329, 'tz_nm': 0.837}, 'joint_torques': [-2.77, -1.79, -0.64, 2.84, -0.82, -3.6]}",1316,False,slippage,True,"{'x_min_m': -0.8, 'x_max_m': 0.8, 'y_min_m': -0.6, 'y_max_m': 0.6, 'z_min_m': 0.0, 'z_max_m': 1.2}",warehouse,variable,2026-08-08T00:01:52.699414+00:00,synthetic_robotics_simulation,True
ROBO-000272,quality_check,delta,"{'type': 'chip_package', 'material': 'steel', 'mass_kg': 3.544, 'dimensions_cm': {'length': 4.0, 'width': 10.2, 'height': 3.6}}","{'position': {'x': 0.4845, 'y': -0.1116, 'z': 0.4313}, 'orientation': {'roll_rad': -1.8511, 'pitch_rad': 0.9452, 'yaw_rad': 2.9356}}","[{'waypoint_id': 0, 'timestamp_ms': 0, 'joint_angles': [0.2697, -1.8365, -1.3261, 1.178, 1.8923, 0.3085], 'ee_position': {'x': 0.4475, 'y': -0.1945, 'z': 0.4493}, 'gripper_width_mm': 77.5, 'gripper_force_n': 13.2}, {'waypoint_id': 1, 'timestamp_ms': 100, 'joint_angles': [2.423, 0.2573, 1.2549, 0.8188, 2.9938, -0.0494], 'ee_position': {'x': 0.4511, 'y': -0.0675, 'z': 0.4753}, 'gripper_width_mm': 68.1, 'gripper_force_n': 27.37}, {'waypoint_id': 2, 'timestamp_ms': 200, 'joint_angles': [-0.8355, 1.799, -2.9771, -1.6805, -2.1184, 1.1245], 'ee_position': {'x': 0.4369, 'y': -0.0808, 'z': 0.5077}, 'gripper_width_mm': 57.3, 'gripper_force_n': 47.25}, {'waypoint_id': 3, 'timestamp_ms': 300, 'joint_angles': [-2.5748, -0.4482, -1.7958, -1.6133, 1.3892, -1.6884], 'ee_position': {'x': 0.5788, 'y': -0.0675, 'z': 0.5077}, 'gripper_width_mm': 0.9, 'gripper_force_n': 26.09}, {'waypoint_id': 4, 'timestamp_ms': 400, 'joint_angles': [-2.9059, -2.3427, 2.6775, 2.5423, 0.628, -1.3792], 'ee_position': {'x': 0.4403, 'y': -0.1717, 'z': 0.5946}, 'gripper_width_mm': 34.6, 'gripper_force_n': 10.17}, {'waypoint_id': 5, 'timestamp_ms': 500, 'joint_angles': [1.3772, 2.072, -1.6762, -1.5879, -1.4159, -2.9784], 'ee_position': {'x': 0.5733, 'y': -0.1945, 'z': 0.6144}, 'gripper_width_mm': 51.4, 'gripper_force_n': 46.66}, {'waypoint_id': 6, 'timestamp_ms': 600, 'joint_angles': [0.3839, 2.5909, 1.0142, -0.3268, 0.5126, -1.7191], 'ee_position': {'x': 0.4169, 'y': -0.1115, 'z': 0.4955}, 'gripper_width_mm': 36.9, 'gripper_force_n': 10.98}]","{'camera_rgb': {'resolution': [640, 480], 'object_detected': True, 'bounding_box': [382, 276, 97, 135]}, 'depth_camera': {'mean_depth_m': 0.472, 'point_cloud_size': 22013}, 'force_torque': {'fx_n': -6.16, 'fy_n': -5.79, 'fz_n': 17.85, 'tx_nm': -0.859, 'ty_nm': 0.822, 'tz_nm': -0.948}, 'joint_torques': [-3.55, 1.11, -4.23, -4.73, 0.15, -2.93]}",5911,True,,True,"{'x_min_m': -0.8, 'x_max_m': 0.8, 'y_min_m': -0.6, 'y_max_m': 0.6, 'z_min_m': 0.0, 'z_max_m': 1.2}",lab,uv,2026-08-08T00:01:52.574341+00:00,synthetic_robotics_simulation,True
ROBO-000865,pick_and_place,parallel_gripper,"{'type': 'cube', 'material': 'steel', 'mass_kg': 1.554, 'dimensions_cm': {'length': 29.1, 'width': 18.3, 'height': 1.8}}","{'position': {'x': 0.4848, 'y': 0.4181, 'z': 0.7346}, 'orientation': {'roll_rad': 0.3809, 'pitch_rad': 0.844, 'yaw_rad': -1.8886}}","[{'waypoint_id': 0, 'timestamp_ms': 0, 'joint_angles': [-0.2566, 0.158, 1.5726, -0.2255, -1.8038, -1.8068], 'ee_position': {'x': 0.4529, 'y': 0.5106, 'z': 0.8868}, 'gripper_width_mm': 69.6, 'gripper_force_n': 44.43}, {'waypoint_id': 1, 'timestamp_ms': 100, 'joint_angles': [0.6663, 0.1335, 2.5615, -1.0607, -0.5381, 1.8926], 'ee_position': {'x': 0.4815, 'y': 0.4996, 'z': 0.8527}, 'gripper_width_mm': 66.3, 'gripper_force_n': 34.82}, {'waypoint_id': 2, 'timestamp_ms': 200, 'joint_angles': [-2.0223, -1.8812, -1.8215, 2.8831, -2.9159, -0.8113], 'ee_position': {'x': 0.5564, 'y': 0.4567, 'z': 0.7775}, 'gripper_width_mm': 39.0, 'gripper_force_n': 47.17}, {'waypoint_id': 3, 'timestamp_ms': 300, 'joint_angles': [0.8879, 0.6757, -1.7192, 3.1036, -2.059, -1.5783], 'ee_position': {'x': 0.4958, 'y': 0.3557, 'z': 0.8951}, 'gripper_width_mm': 76.8, 'gripper_force_n': 34.09}, {'waypoint_id': 4, 'timestamp_ms': 400, 'joint_angles': [2.7186, 1.3696, -2.4944, 0.9305, -2.7556, 1.0083], 'ee_position': {'x': 0.4109, 'y': 0.4487, 'z': 0.7971}, 'gripper_width_mm': 22.1, 'gripper_force_n': 30.5}, {'waypoint_id': 5, 'timestamp_ms': 500, 'joint_angles': [-0.412, 2.038, 0.0159, -3.0556, -0.4842, -0.2529], 'ee_position': {'x': 0.581, 'y': 0.4251, 'z': 0.8376}, 'gripper_width_mm': 28.7, 'gripper_force_n': 37.94}, {'waypoint_id': 6, 'timestamp_ms': 600, 'joint_angles': [-1.1445, 0.2885, 1.123, 1.6068, -1.9702, 1.0572], 'ee_position': {'x': 0.3894, 'y': 0.4113, 'z': 0.8243}, 'gripper_width_mm': 28.8, 'gripper_force_n': 48.24}, {'waypoint_id': 7, 'timestamp_ms': 700, 'joint_angles': [2.9678, -1.5814, -1.325, -2.7295, 0.2358, 0.4263], 'ee_position': {'x': 0.5099, 'y': 0.493, 'z': 0.8252}, 'gripper_width_mm': 34.2, 'gripper_force_n': 30.54}]","{'camera_rgb': {'resolution': [640, 480], 'object_detected': True, 'bounding_box': [157, 259, 158, 135]}, 'depth_camera': {'mean_depth_m': 0.709, 'point_cloud_size': 4741}, 'force_torque': {'fx_n': 4.89, 'fy_n': 6.96, 'fz_n': 7.29, 'tx_nm': 1.525, 'ty_nm': 1.195, 'tz_nm': 0.126}, 'joint_torques': [-0.22, 2.03, 0.39, -2.62, -2.48, -3.24]}",2506,True,,False,"{'x_min_m': -0.8, 'x_max_m': 0.8, 'y_min_m': -0.6, 'y_max_m': 0.6, 'z_min_m': 0.0, 'z_max_m': 1.2}",factory,uv,2026-08-08T00:01:52.673412+00:00,synthetic_robotics_simulation,True
ROBO-002324,welding,mobile_manipulator,"{'type': 'cylinder', 'material': 'silicone', 'mass_kg': 2.583, 'dimensions_cm': {'length': 18.6, 'width': 3.1, 'height': 11.0}}","{'position': {'x': 0.2903, 'y': 0.157, 'z': 0.3124}, 'orientation': {'roll_rad': -2.7637, 'pitch_rad': 0.8351, 'yaw_rad': -2.9827}}","[{'waypoint_id': 0, 'timestamp_ms': 0, 'joint_angles': [-0.8475, -2.2116, -2.8099, 2.6588, 1.4405, -1.4754], 'ee_position': {'x': 0.3368, 'y': 0.0624, 'z': 0.4266}, 'gripper_width_mm': 76.4, 'gripper_force_n': 23.28}, {'waypoint_id': 1, 'timestamp_ms': 100, 'joint_angles': [2.1787, 0.2542, 2.5022, -1.6858, -2.9037, -1.0661], 'ee_position': {'x': 0.3126, 'y': 0.2171, 'z': 0.3332}, 'gripper_width_mm': 24.3, 'gripper_force_n': 8.68}, {'waypoint_id': 2, 'timestamp_ms': 200, 'joint_angles': [3.048, 1.1303, -0.0774, 0.3151, -3.1055, -2.9702], 'ee_position': {'x': 0.2697, 'y': 0.2257, 'z': 0.4231}, 'gripper_width_mm': 19.4, 'gripper_force_n': 26.64}, {'waypoint_id': 3, 'timestamp_ms': 300, 'joint_angles': [-1.8751, -0.535, -1.6236, 0.2181, -1.4247, -0.9471], 'ee_position': {'x': 0.3859, 'y': 0.0778, 'z': 0.4147}, 'gripper_width_mm': 75.6, 'gripper_force_n': 39.98}, {'waypoint_id': 4, 'timestamp_ms': 400, 'joint_angles': [2.3295, -1.708, 2.7089, 0.005, -1.9241, 0.146], 'ee_position': {'x': 0.3707, 'y': 0.1953, 'z': 0.4772}, 'gripper_width_mm': 77.2, 'gripper_force_n': 48.95}]","{'camera_rgb': {'resolution': [640, 480], 'object_detected': True, 'bounding_box': [236, 121, 191, 51]}, 'depth_camera': {'mean_depth_m': 0.295, 'point_cloud_size': 9934}, 'force_torque': {'fx_n': -3.57, 'fy_n': 2.42, 'fz_n': -4.5, 'tx_nm': -1.208, 'ty_nm': -0.243, 'tz_nm': -0.431}, 'joint_torques': [1.54, 2.34, 2.0, -0.97, 4.12, 2.38]}",516,True,,False,"{'x_min_m': -0.8, 'x_max_m': 0.8, 'y_min_m': -0.6, 'y_max_m': 0.6, 'z_min_m': 0.0, 'z_max_m': 1.2}",kitchen,bright,2026-08-08T00:01:52.945017+00:00,synthetic_robotics_simulation,True
ROBO-001289,inspection,scara,"{'type': 'bearing', 'material': 'rubber', 'mass_kg': 4.779, 'dimensions_cm': {'length': 15.8, 'width': 9.2, 'height': 11.1}}","{'position': {'x': 0.4628, 'y': 0.0671, 'z': 0.1558}, 'orientation': {'roll_rad': 1.8248, 'pitch_rad': 0.4813, 'yaw_rad': 1.2729}}","[{'waypoint_id': 0, 'timestamp_ms': 0, 'joint_angles': [2.2406, 2.1316, -1.0992, -0.9742, -1.6686, -2.0614], 'ee_position': {'x': 0.3652, 'y': 0.0721, 'z': 0.2515}, 'gripper_width_mm': 21.0, 'gripper_force_n': 8.17}, {'waypoint_id': 1, 'timestamp_ms': 100, 'joint_angles': [2.4638, 2.5127, -0.6133, -1.4057, 1.9978, -1.9544], 'ee_position': {'x': 0.3927, 'y': -0.0008, 'z': 0.2024}, 'gripper_width_mm': 14.4, 'gripper_force_n': 40.45}, {'waypoint_id': 2, 'timestamp_ms': 200, 'joint_angles': [2.2017, 0.9874, -1.2581, -2.6739, -1.9609, 1.1243], 'ee_position': {'x': 0.3979, 'y': 0.0317, 'z': 0.3365}, 'gripper_width_mm': 7.0, 'gripper_force_n': 37.09}, {'waypoint_id': 3, 'timestamp_ms': 300, 'joint_angles': [0.6719, -2.1103, 2.2784, 1.599, -2.3187, -0.4933], 'ee_position': {'x': 0.4978, 'y': 0.0156, 'z': 0.2051}, 'gripper_width_mm': 52.5, 'gripper_force_n': 23.45}, {'waypoint_id': 4, 'timestamp_ms': 400, 'joint_angles': [-1.0319, 0.9339, -1.065, 2.4139, -0.4262, 0.7101], 'ee_position': {'x': 0.4485, 'y': -0.0275, 'z': 0.1762}, 'gripper_width_mm': 72.7, 'gripper_force_n': 33.66}, {'waypoint_id': 5, 'timestamp_ms': 500, 'joint_angles': [-1.4095, -0.4379, -2.5872, 1.3854, 1.1678, 0.9863], 'ee_position': {'x': 0.3874, 'y': -0.0023, 'z': 0.2645}, 'gripper_width_mm': 59.2, 'gripper_force_n': 27.76}, {'waypoint_id': 6, 'timestamp_ms': 600, 'joint_angles': [-2.7893, -1.4923, -2.0897, -2.3123, 0.6912, -2.0282], 'ee_position': {'x': 0.3659, 'y': 0.0538, 'z': 0.2681}, 'gripper_width_mm': 18.8, 'gripper_force_n': 47.81}]","{'camera_rgb': {'resolution': [640, 480], 'object_detected': True, 'bounding_box': [364, 259, 180, 127]}, 'depth_camera': {'mean_depth_m': 0.14, 'point_cloud_size': 6507}, 'force_torque': {'fx_n': 1.27, 'fy_n': 9.52, 'fz_n': 0.41, 'tx_nm': -1.157, 'ty_nm': 0.068, 'tz_nm': -0.57}, 'joint_torques': [-4.97, -1.78, 0.6, 4.68, 2.98, 0.35]}",1541,True,,False,"{'x_min_m': -0.8, 'x_max_m': 0.8, 'y_min_m': -0.6, 'y_max_m': 0.6, 'z_min_m': 0.0, 'z_max_m': 1.2}",kitchen,dim,2026-08-08T00:01:52.748418+00:00,synthetic_robotics_simulation,True
ROBO-000871,bin_picking,6dof_arm,"{'type': 'chip_package', 'material': 'steel', 'mass_kg': 3.726, 'dimensions_cm': {'length': 22.9, 'width': 13.4, 'height': 6.6}}","{'position': {'x': 0.204, 'y': -0.4194, 'z': 0.6309}, 'orientation': {'roll_rad': -2.4307, 'pitch_rad': -0.8949, 'yaw_rad': 2.4761}}","[{'waypoint_id': 0, 'timestamp_ms': 0, 'joint_angles': [2.6657, 2.5025, 2.3298, -1.4992, 1.251, -0.4764], 'ee_position': {'x': 0.1424, 'y': -0.4549, 'z': 0.6394}, 'gripper_width_mm': 76.5, 'gripper_force_n': 5.33}, {'waypoint_id': 1, 'timestamp_ms': 100, 'joint_angles': [-1.3598, -0.7431, -2.4944, -1.2453, -3.031, 0.3986], 'ee_position': {'x': 0.176, 'y': -0.4413, 'z': 0.7216}, 'gripper_width_mm': 62.2, 'gripper_force_n': 9.8}, {'waypoint_id': 2, 'timestamp_ms': 200, 'joint_angles': [-2.44, 0.2348, -1.3716, 0.6142, -0.3836, -2.373], 'ee_position': {'x': 0.1315, 'y': -0.502, 'z': 0.8164}, 'gripper_width_mm': 17.9, 'gripper_force_n': 34.98}]","{'camera_rgb': {'resolution': [640, 480], 'object_detected': True, 'bounding_box': [396, 162, 141, 83]}, 'depth_camera': {'mean_depth_m': 0.582, 'point_cloud_size': 26502}, 'force_torque': {'fx_n': -1.11, 'fy_n': 6.97, 'fz_n': 3.39, 'tx_nm': -0.473, 'ty_nm': -1.582, 'tz_nm': 0.046}, 'joint_torques': [4.48, -2.18, 4.11, 0.47, 4.88, 0.01]}",3249,True,,False,"{'x_min_m': -0.8, 'x_max_m': 0.8, 'y_min_m': -0.6, 'y_max_m': 0.6, 'z_min_m': 0.0, 'z_max_m': 1.2}",warehouse,dim,2026-08-08T00:01:52.674412+00:00,synthetic_robotics_simulation,True
ROBO-002045,sorting,magnetic_gripper,"{'type': 'can', 'material': 'wood', 'mass_kg': 3.572, 'dimensions_cm': {'length': 17.0, 'width': 7.8, 'height': 14.2}}","{'position': {'x': 0.2213, 'y': -0.2889, 'z': 0.3965}, 'orientation': {'roll_rad': 0.6157, 'pitch_rad': 0.2571, 'yaw_rad': -1.377}}","[{'waypoint_id': 0, 'timestamp_ms': 0, 'joint_angles': [-2.9434, -0.4325, 2.2104, 1.2827, 1.123, -1.9678], 'ee_position': {'x': 0.1463, 'y': -0.3365, 'z': 0.4307}, 'gripper_width_mm': 21.6, 'gripper_force_n': 32.73}, {'waypoint_id': 1, 'timestamp_ms': 100, 'joint_angles': [-0.6272, -1.5545, -2.1904, 1.4636, 0.2626, -2.7116], 'ee_position': {'x': 0.2828, 'y': -0.226, 'z': 0.5252}, 'gripper_width_mm': 63.2, 'gripper_force_n': 8.09}, {'waypoint_id': 2, 'timestamp_ms': 200, 'joint_angles': [-2.785, 1.0879, -0.7591, -2.1176, 2.6553, 1.894], 'ee_position': {'x': 0.2928, 'y': -0.1957, 'z': 0.5528}, 'gripper_width_mm': 20.5, 'gripper_force_n': 35.85}, {'waypoint_id': 3, 'timestamp_ms': 300, 'joint_angles': [1.9021, 2.642, -0.6475, -1.8867, 2.9539, 2.1767], 'ee_position': {'x': 0.3043, 'y': -0.3208, 'z': 0.516}, 'gripper_width_mm': 16.2, 'gripper_force_n': 16.2}, {'waypoint_id': 4, 'timestamp_ms': 400, 'joint_angles': [2.5246, -0.8107, 1.0194, -1.5798, -2.3825, 2.1735], 'ee_position': {'x': 0.2456, 'y': -0.295, 'z': 0.5689}, 'gripper_width_mm': 53.3, 'gripper_force_n': 6.21}, {'waypoint_id': 5, 'timestamp_ms': 500, 'joint_angles': [1.1244, 1.6819, -0.9947, -1.2284, 1.3178, -0.4014], 'ee_position': {'x': 0.2611, 'y': -0.2251, 'z': 0.5919}, 'gripper_width_mm': 25.8, 'gripper_force_n': 19.56}, {'waypoint_id': 6, 'timestamp_ms': 600, 'joint_angles': [1.403, -1.1, 1.5328, 0.3262, -0.9465, 1.5746], 'ee_position': {'x': 0.2108, 'y': -0.2312, 'z': 0.4647}, 'gripper_width_mm': 63.9, 'gripper_force_n': 48.73}]","{'camera_rgb': {'resolution': [640, 480], 'object_detected': True, 'bounding_box': [389, 282, 98, 73]}, 'depth_camera': {'mean_depth_m': 0.441, 'point_cloud_size': 27994}, 'force_torque': {'fx_n': -3.52, 'fy_n': -5.19, 'fz_n': 0.1, 'tx_nm': -1.653, 'ty_nm': 1.942, 'tz_nm': 0.195}, 'joint_torques': [3.34, -4.27, 4.72, 1.2, 2.12, -1.64]}",4990,True,,False,"{'x_min_m': -0.8, 'x_max_m': 0.8, 'y_min_m': -0.6, 'y_max_m': 0.6, 'z_min_m': 0.0, 'z_max_m': 1.2}",warehouse,bright,2026-08-08T00:01:52.842496+00:00,synthetic_robotics_simulation,True
ROBO-001621,quality_check,scara,"{'type': 'motor', 'material': 'wood', 'mass_kg': 4.075, 'dimensions_cm': {'length': 20.2, 'width': 4.8, 'height': 2.9}}","{'position': {'x': 0.2849, 'y': 0.1778, 'z': 0.1865}, 'orientation': {'roll_rad': -2.2706, 'pitch_rad': 0.7611, 'yaw_rad': -0.6461}}","[{'waypoint_id': 0, 'timestamp_ms': 0, 'joint_angles': [-1.9752, -2.9155, -2.956, -1.4637, -1.0826, -1.6274], 'ee_position': {'x': 0.2602, 'y': 0.1071, 'z': 0.2695}, 'gripper_width_mm': 76.1, 'gripper_force_n': 4.36}, {'waypoint_id': 1, 'timestamp_ms': 100, 'joint_angles': [2.134, 0.1655, -1.1347, -0.804, 1.0948, -0.0622], 'ee_position': {'x': 0.3025, 'y': 0.2378, 'z': 0.2156}, 'gripper_width_mm': 38.8, 'gripper_force_n': 42.03}, {'waypoint_id': 2, 'timestamp_ms': 200, 'joint_angles': [-2.9922, -2.4732, 0.4215, 1.7516, 1.5261, 2.28], 'ee_position': {'x': 0.2874, 'y': 0.1816, 'z': 0.3629}, 'gripper_width_mm': 35.8, 'gripper_force_n': 5.04}, {'waypoint_id': 3, 'timestamp_ms': 300, 'joint_angles': [1.2169, 3.1013, -0.6583, 1.5155, 0.9037, 1.0934], 'ee_position': {'x': 0.2561, 'y': 0.1729, 'z': 0.3633}, 'gripper_width_mm': 68.1, 'gripper_force_n': 3.96}, {'waypoint_id': 4, 'timestamp_ms': 400, 'joint_angles': [-0.1006, 0.9138, 0.4751, 1.1825, -1.9986, -0.4632], 'ee_position': {'x': 0.3449, 'y': 0.1707, 'z': 0.1915}, 'gripper_width_mm': 61.2, 'gripper_force_n': 21.17}, {'waypoint_id': 5, 'timestamp_ms': 500, 'joint_angles': [0.6134, 0.4506, -2.2129, 3.0445, 2.6338, -0.6564], 'ee_position': {'x': 0.283, 'y': 0.1068, 'z': 0.1907}, 'gripper_width_mm': 48.0, 'gripper_force_n': 7.38}, {'waypoint_id': 6, 'timestamp_ms': 600, 'joint_angles': [1.762, -1.2075, 1.3481, -3.074, 2.2094, 1.8243], 'ee_position': {'x': 0.2307, 'y': 0.1374, 'z': 0.3192}, 'gripper_width_mm': 11.8, 'gripper_force_n': 0.96}]","{'camera_rgb': {'resolution': [640, 480], 'object_detected': True, 'bounding_box': [222, 266, 50, 102]}, 'depth_camera': {'mean_depth_m': 0.142, 'point_cloud_size': 49656}, 'force_torque': {'fx_n': 4.09, 'fy_n': -1.47, 'fz_n': 10.86, 'tx_nm': -1.429, 'ty_nm': -1.797, 'tz_nm': 0.507}, 'joint_torques': [-2.65, 3.12, -2.29, 3.2, -0.19, -4.42]}",5931,True,,False,"{'x_min_m': -0.8, 'x_max_m': 0.8, 'y_min_m': -0.6, 'y_max_m': 0.6, 'z_min_m': 0.0, 'z_max_m': 1.2}",outdoor,dim,2026-08-08T00:01:52.799497+00:00,synthetic_robotics_simulation,True
ROBO-001880,assembly,scara,"{'type': 'circuit_board', 'material': 'glass', 'mass_kg': 0.946, 'dimensions_cm': {'length': 11.7, 'width': 7.8, 'height': 10.8}}","{'position': {'x': -0.4424, 'y': 0.2598, 'z': 0.5704}, 'orientation': {'roll_rad': 1.1879, 'pitch_rad': 1.259, 'yaw_rad': -1.5046}}","[{'waypoint_id': 0, 'timestamp_ms': 0, 'joint_angles': [-1.8274, 1.5912, 2.3996, 2.1054, 2.4077, -2.3572], 'ee_position': {'x': -0.5021, 'y': 0.209, 'z': 0.7149}, 'gripper_width_mm': 55.1, 'gripper_force_n': 31.48}, {'waypoint_id': 1, 'timestamp_ms': 100, 'joint_angles': [-0.113, -2.8651, -1.5623, -2.2665, -1.6061, 0.7526], 'ee_position': {'x': -0.5107, 'y': 0.1772, 'z': 0.6595}, 'gripper_width_mm': 83.6, 'gripper_force_n': 25.1}, {'waypoint_id': 2, 'timestamp_ms': 200, 'joint_angles': [0.1408, -2.3941, 3.1071, 2.8585, -1.3222, -2.5369], 'ee_position': {'x': -0.4978, 'y': 0.1852, 'z': 0.7608}, 'gripper_width_mm': 28.7, 'gripper_force_n': 42.05}, {'waypoint_id': 3, 'timestamp_ms': 300, 'joint_angles': [1.8811, -2.6869, -0.9641, 1.8395, 2.894, 1.3144], 'ee_position': {'x': -0.4772, 'y': 0.3593, 'z': 0.761}, 'gripper_width_mm': 30.3, 'gripper_force_n': 6.94}, {'waypoint_id': 4, 'timestamp_ms': 400, 'joint_angles': [1.5074, 1.2079, -0.3487, 2.7929, 1.4525, -0.3226], 'ee_position': {'x': -0.3811, 'y': 0.2658, 'z': 0.7106}, 'gripper_width_mm': 81.6, 'gripper_force_n': 4.08}]","{'camera_rgb': {'resolution': [640, 480], 'object_detected': True, 'bounding_box': [228, 159, 61, 96]}, 'depth_camera': {'mean_depth_m': 0.582, 'point_cloud_size': 9412}, 'force_torque': {'fx_n': -6.85, 'fy_n': -7.87, 'fz_n': 14.11, 'tx_nm': -0.891, 'ty_nm': -1.109, 'tz_nm': -0.683}, 'joint_torques': [-0.85, 2.18, -1.46, 2.09, 3.63, 0.14]}",7947,True,,False,"{'x_min_m': -0.8, 'x_max_m': 0.8, 'y_min_m': -0.6, 'y_max_m': 0.6, 'z_min_m': 0.0, 'z_max_m': 1.2}",kitchen,variable,2026-08-08T00:01:52.825496+00:00,synthetic_robotics_simulation,True
ROBO-000586,palletizing,delta,"{'type': 'bearing', 'material': 'carbon_fiber', 'mass_kg': 3.333, 'dimensions_cm': {'length': 28.8, 'width': 17.7, 'height': 9.9}}","{'position': {'x': 0.4873, 'y': 0.4982, 'z': 0.2169}, 'orientation': {'roll_rad': -1.126, 'pitch_rad': 0.059, 'yaw_rad': -1.7272}}","[{'waypoint_id': 0, 'timestamp_ms': 0, 'joint_angles': [-1.4892, 0.086, 1.295, 0.754, 2.1776, -1.9304], 'ee_position': {'x': 0.4359, 'y': 0.4632, 'z': 0.303}, 'gripper_width_mm': 66.2, 'gripper_force_n': 8.91}, {'waypoint_id': 1, 'timestamp_ms': 100, 'joint_angles': [1.5404, 2.039, 2.0483, 2.1976, 2.0151, 2.4995], 'ee_position': {'x': 0.5664, 'y': 0.5018, 'z': 0.2232}, 'gripper_width_mm': 11.5, 'gripper_force_n': 4.7}, {'waypoint_id': 2, 'timestamp_ms': 200, 'joint_angles': [-2.3353, 0.8001, -0.7736, -1.2119, -1.148, 2.559], 'ee_position': {'x': 0.5678, 'y': 0.4749, 'z': 0.4036}, 'gripper_width_mm': 61.5, 'gripper_force_n': 34.87}, {'waypoint_id': 3, 'timestamp_ms': 300, 'joint_angles': [3.0561, 0.5756, 1.6665, -1.683, -2.8306, -2.6749], 'ee_position': {'x': 0.4604, 'y': 0.5129, 'z': 0.2794}, 'gripper_width_mm': 26.8, 'gripper_force_n': 45.48}, {'waypoint_id': 4, 'timestamp_ms': 400, 'joint_angles': [0.9399, 2.1983, 0.8721, -3.0219, 2.5876, -0.7325], 'ee_position': {'x': 0.4827, 'y': 0.4595, 'z': 0.3395}, 'gripper_width_mm': 80.6, 'gripper_force_n': 46.6}, {'waypoint_id': 5, 'timestamp_ms': 500, 'joint_angles': [-0.072, 2.8233, 2.1294, 0.3547, -0.7162, 0.6804], 'ee_position': {'x': 0.4434, 'y': 0.5255, 'z': 0.2843}, 'gripper_width_mm': 45.1, 'gripper_force_n': 18.27}]","{'camera_rgb': {'resolution': [640, 480], 'object_detected': True, 'bounding_box': [253, 129, 121, 60]}, 'depth_camera': {'mean_depth_m': 0.263, 'point_cloud_size': 43551}, 'force_torque': {'fx_n': 8.36, 'fy_n': -4.45, 'fz_n': 13.75, 'tx_nm': -1.508, 'ty_nm': 0.38, 'tz_nm': 0.33}, 'joint_torques': [-1.8, -3.36, 4.17, -3.99, 2.02, 3.08]}",2910,True,,False,"{'x_min_m': -0.8, 'x_max_m': 0.8, 'y_min_m': -0.6, 'y_max_m': 0.6, 'z_min_m': 0.0, 'z_max_m': 1.2}",warehouse,bright,2026-08-08T00:01:52.644345+00:00,synthetic_robotics_simulation,True
ROBO-001085,palletizing,mobile_manipulator,"{'type': 'cone', 'material': 'wood', 'mass_kg': 0.582, 'dimensions_cm': {'length': 9.5, 'width': 7.9, 'height': 11.3}}","{'position': {'x': 0.0032, 'y': -0.1882, 'z': 0.1336}, 'orientation': {'roll_rad': -0.0166, 'pitch_rad': 0.7439, 'yaw_rad': -1.1558}}","[{'waypoint_id': 0, 'timestamp_ms': 0, 'joint_angles': [1.1447, -2.0311, 1.2294, -1.5041, 0.5935, 0.4694], 'ee_position': {'x': -0.0178, 'y': -0.1176, 'z': 0.2651}, 'gripper_width_mm': 37.8, 'gripper_force_n': 38.52}, {'waypoint_id': 1, 'timestamp_ms': 100, 'joint_angles': [1.4235, 0.0224, -2.6834, -1.5422, 1.4319, 0.6085], 'ee_position': {'x': 0.0946, 'y': -0.2204, 'z': 0.2772}, 'gripper_width_mm': 9.9, 'gripper_force_n': 24.07}, {'waypoint_id': 2, 'timestamp_ms': 200, 'joint_angles': [-2.9024, -2.8076, -2.3229, -3.0788, -1.1022, -2.2076], 'ee_position': {'x': -0.0266, 'y': -0.1682, 'z': 0.3263}, 'gripper_width_mm': 80.1, 'gripper_force_n': 24.03}, {'waypoint_id': 3, 'timestamp_ms': 300, 'joint_angles': [0.519, 2.4826, 2.3912, 2.0108, 1.9102, -2.6223], 'ee_position': {'x': -0.0105, 'y': -0.2078, 'z': 0.2594}, 'gripper_width_mm': 0.0, 'gripper_force_n': 24.94}]","{'camera_rgb': {'resolution': [640, 480], 'object_detected': True, 'bounding_box': [384, 124, 90, 135]}, 'depth_camera': {'mean_depth_m': 0.103, 'point_cloud_size': 37489}, 'force_torque': {'fx_n': 3.47, 'fy_n': 1.37, 'fz_n': 2.16, 'tx_nm': 0.961, 'ty_nm': 0.99, 'tz_nm': -0.818}, 'joint_torques': [-0.14, -3.59, 1.73, 4.2, -0.1, -0.7]}",4504,False,slippage,False,"{'x_min_m': -0.8, 'x_max_m': 0.8, 'y_min_m': -0.6, 'y_max_m': 0.6, 'z_min_m': 0.0, 'z_max_m': 1.2}",lab,ir,2026-08-08T00:01:52.697413+00:00,synthetic_robotics_simulation,True
ROBO-001011,sorting,cobot,"{'type': 'sphere', 'material': 'silicone', 'mass_kg': 2.174, 'dimensions_cm': {'length': 13.3, 'width': 6.5, 'height': 9.7}}","{'position': {'x': -0.3778, 'y': 0.3566, 'z': 0.4303}, 'orientation': {'roll_rad': -0.2881, 'pitch_rad': 1.2223, 'yaw_rad': 0.349}}","[{'waypoint_id': 0, 'timestamp_ms': 0, 'joint_angles': [-2.7126, 1.9323, 2.4602, -0.5833, -2.1535, -2.9572], 'ee_position': {'x': -0.4048, 'y': 0.3618, 'z': 0.509}, 'gripper_width_mm': 33.5, 'gripper_force_n': 43.24}, {'waypoint_id': 1, 'timestamp_ms': 100, 'joint_angles': [2.8836, -1.704, 0.4819, 2.9475, -1.5636, 0.7394], 'ee_position': {'x': -0.3952, 'y': 0.3524, 'z': 0.5844}, 'gripper_width_mm': 64.2, 'gripper_force_n': 14.36}, {'waypoint_id': 2, 'timestamp_ms': 200, 'joint_angles': [-2.8459, -0.55, 3.1168, -1.5581, 2.0777, 1.1001], 'ee_position': {'x': -0.3693, 'y': 0.4387, 'z': 0.5968}, 'gripper_width_mm': 23.1, 'gripper_force_n': 49.64}, {'waypoint_id': 3, 'timestamp_ms': 300, 'joint_angles': [-2.3611, -0.2409, 0.3513, -2.4059, 2.9492, -3.0639], 'ee_position': {'x': -0.4774, 'y': 0.4067, 'z': 0.5653}, 'gripper_width_mm': 4.2, 'gripper_force_n': 38.68}, {'waypoint_id': 4, 'timestamp_ms': 400, 'joint_angles': [-0.0477, -0.1926, 0.7451, 1.4301, -2.2838, 2.2038], 'ee_position': {'x': -0.4415, 'y': 0.4296, 'z': 0.5499}, 'gripper_width_mm': 55.4, 'gripper_force_n': 23.23}, {'waypoint_id': 5, 'timestamp_ms': 500, 'joint_angles': [-1.3225, 1.4993, 3.0402, 0.841, -3.0569, 1.903], 'ee_position': {'x': -0.4287, 'y': 0.3387, 'z': 0.623}, 'gripper_width_mm': 62.1, 'gripper_force_n': 23.68}]","{'camera_rgb': {'resolution': [640, 480], 'object_detected': True, 'bounding_box': [365, 140, 50, 145]}, 'depth_camera': {'mean_depth_m': 0.418, 'point_cloud_size': 1700}, 'force_torque': {'fx_n': 2.28, 'fy_n': -7.69, 'fz_n': 1.54, 'tx_nm': 0.379, 'ty_nm': 0.331, 'tz_nm': 0.171}, 'joint_torques': [3.15, -4.96, 1.23, -1.44, 4.77, -1.41]}",3432,False,position_error,False,"{'x_min_m': -0.8, 'x_max_m': 0.8, 'y_min_m': -0.6, 'y_max_m': 0.6, 'z_min_m': 0.0, 'z_max_m': 1.2}",warehouse,bright,2026-08-08T00:01:52.689407+00:00,synthetic_robotics_simulation,True
ROBO-002300,sorting,parallel_gripper,"{'type': 'cone', 'material': 'plastic_abs', 'mass_kg': 1.809, 'dimensions_cm': {'length': 5.1, 'width': 5.6, 'height': 3.5}}","{'position': {'x': 0.289, 'y': 0.3417, 'z': 0.3191}, 'orientation': {'roll_rad': 0.9417, 'pitch_rad': -1.3973, 'yaw_rad': -1.9448}}","[{'waypoint_id': 0, 'timestamp_ms': 0, 'joint_angles': [0.259, 1.0074, 1.6993, 3.0278, -2.7535, 1.8907], 'ee_position': {'x': 0.3861, 'y': 0.3642, 'z': 0.3751}, 'gripper_width_mm': 42.4, 'gripper_force_n': 13.46}, {'waypoint_id': 1, 'timestamp_ms': 100, 'joint_angles': [0.632, -0.1533, 1.0784, 3.0029, -1.9243, 0.9248], 'ee_position': {'x': 0.3619, 'y': 0.4182, 'z': 0.3316}, 'gripper_width_mm': 63.7, 'gripper_force_n': 1.37}, {'waypoint_id': 2, 'timestamp_ms': 200, 'joint_angles': [-0.8582, -2.6264, 2.2921, -0.6478, 2.9142, 3.0385], 'ee_position': {'x': 0.3064, 'y': 0.3231, 'z': 0.3654}, 'gripper_width_mm': 69.9, 'gripper_force_n': 40.97}, {'waypoint_id': 3, 'timestamp_ms': 300, 'joint_angles': [-0.4676, 0.8743, 1.1137, 0.7992, -0.1259, 0.4889], 'ee_position': {'x': 0.1897, 'y': 0.2848, 'z': 0.4115}, 'gripper_width_mm': 66.4, 'gripper_force_n': 38.75}, {'waypoint_id': 4, 'timestamp_ms': 400, 'joint_angles': [-0.707, 2.8955, -1.4545, 1.5025, -0.2078, 1.5765], 'ee_position': {'x': 0.3464, 'y': 0.4215, 'z': 0.365}, 'gripper_width_mm': 41.9, 'gripper_force_n': 18.37}]","{'camera_rgb': {'resolution': [640, 480], 'object_detected': True, 'bounding_box': [197, 289, 68, 135]}, 'depth_camera': {'mean_depth_m': 0.346, 'point_cloud_size': 25708}, 'force_torque': {'fx_n': -3.46, 'fy_n': 1.29, 'fz_n': 12.27, 'tx_nm': 0.356, 'ty_nm': -0.819, 'tz_nm': 0.755}, 'joint_torques': [4.98, -0.17, -4.61, -2.09, 2.2, 4.25]}",686,True,,False,"{'x_min_m': -0.8, 'x_max_m': 0.8, 'y_min_m': -0.6, 'y_max_m': 0.6, 'z_min_m': 0.0, 'z_max_m': 1.2}",outdoor,bright,2026-08-08T00:01:52.943016+00:00,synthetic_robotics_simulation,True
ROBO-002208,packaging,6dof_arm,"{'type': 'cylinder', 'material': 'rubber', 'mass_kg': 1.829, 'dimensions_cm': {'length': 1.6, 'width': 19.2, 'height': 5.2}}","{'position': {'x': 0.03, 'y': 0.4103, 'z': 0.0211}, 'orientation': {'roll_rad': 1.6615, 'pitch_rad': -0.0637, 'yaw_rad': -0.5639}}","[{'waypoint_id': 0, 'timestamp_ms': 0, 'joint_angles': [-2.9768, 2.5053, 1.3226, 1.7246, -1.6109, -1.1198], 'ee_position': {'x': 0.0569, 'y': 0.4013, 'z': 0.0364}, 'gripper_width_mm': 23.0, 'gripper_force_n': 41.7}, {'waypoint_id': 1, 'timestamp_ms': 100, 'joint_angles': [-0.5102, 1.5717, -1.0601, 1.6944, 0.0632, -0.8489], 'ee_position': {'x': 0.0219, 'y': 0.4914, 'z': 0.0827}, 'gripper_width_mm': 48.3, 'gripper_force_n': 41.69}, {'waypoint_id': 2, 'timestamp_ms': 200, 'joint_angles': [-0.6457, 1.6033, -0.9631, 2.352, 0.9928, -1.9528], 'ee_position': {'x': -0.0634, 'y': 0.4882, 'z': 0.1099}, 'gripper_width_mm': 18.6, 'gripper_force_n': 7.7}]","{'camera_rgb': {'resolution': [640, 480], 'object_detected': True, 'bounding_box': [332, 132, 97, 137]}, 'depth_camera': {'mean_depth_m': -0.013, 'point_cloud_size': 37305}, 'force_torque': {'fx_n': -4.22, 'fy_n': 4.89, 'fz_n': -1.81, 'tx_nm': 1.927, 'ty_nm': 1.909, 'tz_nm': -0.305}, 'joint_torques': [-1.37, -3.79, -2.62, 2.25, 0.6, 1.32]}",1975,False,collision,False,"{'x_min_m': -0.8, 'x_max_m': 0.8, 'y_min_m': -0.6, 'y_max_m': 0.6, 'z_min_m': 0.0, 'z_max_m': 1.2}",kitchen,dim,2026-08-08T00:01:52.874012+00:00,synthetic_robotics_simulation,True
ROBO-001077,welding,mobile_manipulator,"{'type': 'can', 'material': 'plastic_abs', 'mass_kg': 0.05, 'dimensions_cm': {'length': 11.8, 'width': 9.9, 'height': 9.8}}","{'position': {'x': 0.0586, 'y': -0.2219, 'z': 0.5897}, 'orientation': {'roll_rad': -1.1877, 'pitch_rad': -0.7012, 'yaw_rad': 1.4012}}","[{'waypoint_id': 0, 'timestamp_ms': 0, 'joint_angles': [-3.0744, -0.1789, -2.9237, -2.5878, -2.4916, -0.6368], 'ee_position': {'x': 0.0727, 'y': -0.1905, 'z': 0.6427}, 'gripper_width_mm': 26.4, 'gripper_force_n': 16.59}, {'waypoint_id': 1, 'timestamp_ms': 100, 'joint_angles': [-0.553, 2.033, 0.7904, -2.3493, -1.6275, 1.2612], 'ee_position': {'x': 0.1385, 'y': -0.3049, 'z': 0.6088}, 'gripper_width_mm': 84.7, 'gripper_force_n': 36.65}, {'waypoint_id': 2, 'timestamp_ms': 200, 'joint_angles': [2.0005, 0.3842, 0.6943, 0.5185, 0.2765, 1.7023], 'ee_position': {'x': 0.0447, 'y': -0.1634, 'z': 0.7256}, 'gripper_width_mm': 63.7, 'gripper_force_n': 43.79}, {'waypoint_id': 3, 'timestamp_ms': 300, 'joint_angles': [0.7441, 0.6698, 2.3007, 0.772, -2.7435, -2.14], 'ee_position': {'x': -0.0195, 'y': -0.1222, 'z': 0.6625}, 'gripper_width_mm': 37.3, 'gripper_force_n': 6.91}, {'waypoint_id': 4, 'timestamp_ms': 400, 'joint_angles': [0.2459, -2.6735, 2.6817, -1.6602, -3.1241, 1.1396], 'ee_position': {'x': 0.058, 'y': -0.1636, 'z': 0.6404}, 'gripper_width_mm': 29.6, 'gripper_force_n': 35.13}, {'waypoint_id': 5, 'timestamp_ms': 500, 'joint_angles': [-0.1308, 2.8171, -0.131, 2.7646, 1.3899, 0.0136], 'ee_position': {'x': -0.0027, 'y': -0.1246, 'z': 0.5932}, 'gripper_width_mm': 74.2, 'gripper_force_n': 36.7}, {'waypoint_id': 6, 'timestamp_ms': 600, 'joint_angles': [-1.5779, 0.6818, -2.4686, -2.5099, -0.4964, 3.0685], 'ee_position': {'x': 0.0814, 'y': -0.1391, 'z': 0.6886}, 'gripper_width_mm': 67.0, 'gripper_force_n': 4.42}, {'waypoint_id': 7, 'timestamp_ms': 700, 'joint_angles': [2.9997, -0.9058, 0.4964, -0.7379, -2.9359, 2.8525], 'ee_position': {'x': -0.0272, 'y': -0.2432, 'z': 0.6973}, 'gripper_width_mm': 8.5, 'gripper_force_n': 13.02}]","{'camera_rgb': {'resolution': [640, 480], 'object_detected': True, 'bounding_box': [164, 122, 171, 124]}, 'depth_camera': {'mean_depth_m': 0.6, 'point_cloud_size': 46721}, 'force_torque': {'fx_n': -8.03, 'fy_n': -2.24, 'fz_n': 8.24, 'tx_nm': 1.012, 'ty_nm': -0.433, 'tz_nm': 0.28}, 'joint_torques': [2.19, -0.55, 4.46, -1.25, 1.03, 2.91]}",7002,True,,False,"{'x_min_m': -0.8, 'x_max_m': 0.8, 'y_min_m': -0.6, 'y_max_m': 0.6, 'z_min_m': 0.0, 'z_max_m': 1.2}",kitchen,variable,2026-08-08T00:01:52.696412+00:00,synthetic_robotics_simulation,True
